"Year In (1995,1996,1997,1998,1999,2000,2001,2002,2003,2004,2005,2006,2007,2008,2009,2010,2011,2012,2013,2014,2015,2016,2017,2018,2019)",,,,,,,
Year,WHO Region,World Bank Income Group,Country ISO Code,Country,Sex,Data source,Value
1995,Europe,High income,AND,Andorra,Both sexes,,7.9055
1996,Europe,High income,AND,Andorra,Both sexes,,7.65928
1997,Europe,High income,AND,Andorra,Both sexes,,7.369
1998,Europe,High income,AND,Andorra,Both sexes,,7.10406
1999,Europe,High income,AND,Andorra,Both sexes,,6.8407
2000,Europe,High income,AND,Andorra,Both sexes,,6.57183
2001,Europe,High income,AND,Andorra,Both sexes,,6.31581
2002,Europe,High income,AND,Andorra,Both sexes,,6.08453
2003,Europe,High income,AND,Andorra,Both sexes,,5.81857
2004,Europe,High income,AND,Andorra,Both sexes,,5.59858
2005,Europe,High income,AND,Andorra,Both sexes,,5.36816
2006,Europe,High income,AND,Andorra,Both sexes,,5.13332
2007,Europe,High income,AND,Andorra,Both sexes,,4.91638
2008,Europe,High income,AND,Andorra,Both sexes,,4.6809
2009,Europe,High income,AND,Andorra,Both sexes,,4.45921
2010,Europe,High income,AND,Andorra,Both sexes,,4.25632
2011,Europe,High income,AND,Andorra,Both sexes,,4.04377
2012,Europe,High income,AND,Andorra,Both sexes,,3.85039
2013,Europe,High income,AND,Andorra,Both sexes,,3.66589
2014,Europe,High income,AND,Andorra,Both sexes,,3.4954
2015,Europe,High income,AND,Andorra,Both sexes,,3.34038
2016,Europe,High income,AND,Andorra,Both sexes,,3.20043
2017,Europe,High income,AND,Andorra,Both sexes,,3.06482
2018,Europe,High income,AND,Andorra,Both sexes,,2.94139
2019,Europe,High income,AND,Andorra,Both sexes,,2.83161
1995,Americas,High income,ATG,Antigua and Barbuda,Both sexes,,13.02227
1996,Americas,High income,ATG,Antigua and Barbuda,Both sexes,,13.2418
1997,Americas,High income,ATG,Antigua and Barbuda,Both sexes,,13.35753
1998,Americas,High income,ATG,Antigua and Barbuda,Both sexes,,13.35401
1999,Americas,High income,ATG,Antigua and Barbuda,Both sexes,,13.24529
2000,Americas,High income,ATG,Antigua and Barbuda,Both sexes,,13.04855
2001,Americas,High income,ATG,Antigua and Barbuda,Both sexes,,12.74465
2002,Americas,High income,ATG,Antigua and Barbuda,Both sexes,,12.37512
2003,Americas,High income,ATG,Antigua and Barbuda,Both sexes,,11.96198
2004,Americas,High income,ATG,Antigua and Barbuda,Both sexes,,11.50923
2005,Americas,High income,ATG,Antigua and Barbuda,Both sexes,,11.03928
2006,Americas,High income,ATG,Antigua and Barbuda,Both sexes,,10.56034
2007,Americas,High income,ATG,Antigua and Barbuda,Both sexes,,10.07602
2008,Americas,High income,ATG,Antigua and Barbuda,Both sexes,,9.59849
2009,Americas,High income,ATG,Antigua and Barbuda,Both sexes,,9.13281
2010,Americas,High income,ATG,Antigua and Barbuda,Both sexes,,8.67864
2011,Americas,High income,ATG,Antigua and Barbuda,Both sexes,,8.2364
2012,Americas,High income,ATG,Antigua and Barbuda,Both sexes,,7.8231
2013,Americas,High income,ATG,Antigua and Barbuda,Both sexes,,7.42823
2014,Americas,High income,ATG,Antigua and Barbuda,Both sexes,,7.07919
2015,Americas,High income,ATG,Antigua and Barbuda,Both sexes,,6.77044
2016,Americas,High income,ATG,Antigua and Barbuda,Both sexes,,6.49373
2017,Americas,High income,ATG,Antigua and Barbuda,Both sexes,,6.23465
2018,Americas,High income,ATG,Antigua and Barbuda,Both sexes,,6.00596
2019,Americas,High income,ATG,Antigua and Barbuda,Both sexes,,5.79041
1995,Western Pacific,High income,AUS,Australia,Both sexes,,5.77218
1996,Western Pacific,High income,AUS,Australia,Both sexes,,5.58255
1997,Western Pacific,High income,AUS,Australia,Both sexes,,5.43548
1998,Western Pacific,High income,AUS,Australia,Both sexes,,5.31812
1999,Western Pacific,High income,AUS,Australia,Both sexes,,5.21493
2000,Western Pacific,High income,AUS,Australia,Both sexes,,5.1168
2001,Western Pacific,High income,AUS,Australia,Both sexes,,5.02764
2002,Western Pacific,High income,AUS,Australia,Both sexes,,4.95698
2003,Western Pacific,High income,AUS,Australia,Both sexes,,4.90267
2004,Western Pacific,High income,AUS,Australia,Both sexes,,4.84436
2005,Western Pacific,High income,AUS,Australia,Both sexes,,4.76169
2006,Western Pacific,High income,AUS,Australia,Both sexes,,4.65038
2007,Western Pacific,High income,AUS,Australia,Both sexes,,4.51382
2008,Western Pacific,High income,AUS,Australia,Both sexes,,4.35804
2009,Western Pacific,High income,AUS,Australia,Both sexes,,4.18494
2010,Western Pacific,High income,AUS,Australia,Both sexes,,3.99678
2011,Western Pacific,High income,AUS,Australia,Both sexes,,3.80723
2012,Western Pacific,High income,AUS,Australia,Both sexes,,3.62917
2013,Western Pacific,High income,AUS,Australia,Both sexes,,3.47445
2014,Western Pacific,High income,AUS,Australia,Both sexes,,3.34866
2015,Western Pacific,High income,AUS,Australia,Both sexes,,3.2554
2016,Western Pacific,High income,AUS,Australia,Both sexes,,3.18792
2017,Western Pacific,High income,AUS,Australia,Both sexes,,3.13778
2018,Western Pacific,High income,AUS,Australia,Both sexes,,3.09623
2019,Western Pacific,High income,AUS,Australia,Both sexes,,3.05182
1995,Europe,High income,AUT,Austria,Both sexes,,5.69587
1996,Europe,High income,AUT,Austria,Both sexes,,5.29699
1997,Europe,High income,AUT,Austria,Both sexes,,5.00481
1998,Europe,High income,AUT,Austria,Both sexes,,4.8028
1999,Europe,High income,AUT,Austria,Both sexes,,4.67355
2000,Europe,High income,AUT,Austria,Both sexes,,4.58813
2001,Europe,High income,AUT,Austria,Both sexes,,4.51746
2002,Europe,High income,AUT,Austria,Both sexes,,4.43408
2003,Europe,High income,AUT,Austria,Both sexes,,4.32858
2004,Europe,High income,AUT,Austria,Both sexes,,4.20054
2005,Europe,High income,AUT,Austria,Both sexes,,4.0602
2006,Europe,High income,AUT,Austria,Both sexes,,3.93916
2007,Europe,High income,AUT,Austria,Both sexes,,3.84067
2008,Europe,High income,AUT,Austria,Both sexes,,3.7588
2009,Europe,High income,AUT,Austria,Both sexes,,3.67606
2010,Europe,High income,AUT,Austria,Both sexes,,3.58418
2011,Europe,High income,AUT,Austria,Both sexes,,3.4706
2012,Europe,High income,AUT,Austria,Both sexes,,3.33981
2013,Europe,High income,AUT,Austria,Both sexes,,3.21587
2014,Europe,High income,AUT,Austria,Both sexes,,3.11854
2015,Europe,High income,AUT,Austria,Both sexes,,3.04663
2016,Europe,High income,AUT,Austria,Both sexes,,2.99327
2017,Europe,High income,AUT,Austria,Both sexes,,2.94642
2018,Europe,High income,AUT,Austria,Both sexes,,2.89865
2019,Europe,High income,AUT,Austria,Both sexes,,2.8452
1995,Americas,High income,BHS,Bahamas,Both sexes,,15.77306
1996,Americas,High income,BHS,Bahamas,Both sexes,,15.09827
1997,Americas,High income,BHS,Bahamas,Both sexes,,14.54658
1998,Americas,High income,BHS,Bahamas,Both sexes,,14.14421
1999,Americas,High income,BHS,Bahamas,Both sexes,,13.93979
2000,Americas,High income,BHS,Bahamas,Both sexes,,13.90697
2001,Americas,High income,BHS,Bahamas,Both sexes,,13.98604
2002,Americas,High income,BHS,Bahamas,Both sexes,,14.14272
2003,Americas,High income,BHS,Bahamas,Both sexes,,14.29881
2004,Americas,High income,BHS,Bahamas,Both sexes,,14.4032
2005,Americas,High income,BHS,Bahamas,Both sexes,,14.41291
2006,Americas,High income,BHS,Bahamas,Both sexes,,14.33596
2007,Americas,High income,BHS,Bahamas,Both sexes,,14.15502
2008,Americas,High income,BHS,Bahamas,Both sexes,,13.91107
2009,Americas,High income,BHS,Bahamas,Both sexes,,13.63493
2010,Americas,High income,BHS,Bahamas,Both sexes,,13.34558
2011,Americas,High income,BHS,Bahamas,Both sexes,,13.06035
2012,Americas,High income,BHS,Bahamas,Both sexes,,12.77334
2013,Americas,High income,BHS,Bahamas,Both sexes,,12.5081
2014,Americas,High income,BHS,Bahamas,Both sexes,,12.25561
2015,Americas,High income,BHS,Bahamas,Both sexes,,11.99856
2016,Americas,High income,BHS,Bahamas,Both sexes,,11.73074
2017,Americas,High income,BHS,Bahamas,Both sexes,,11.43328
2018,Americas,High income,BHS,Bahamas,Both sexes,,11.14657
2019,Americas,High income,BHS,Bahamas,Both sexes,,10.85551
1995,Eastern Mediterranean,High income,BHR,Bahrain,Both sexes,,15.52821
1996,Eastern Mediterranean,High income,BHR,Bahrain,Both sexes,,14.24861
1997,Eastern Mediterranean,High income,BHR,Bahrain,Both sexes,,13.07347
1998,Eastern Mediterranean,High income,BHR,Bahrain,Both sexes,,12.08672
1999,Eastern Mediterranean,High income,BHR,Bahrain,Both sexes,,11.33011
2000,Eastern Mediterranean,High income,BHR,Bahrain,Both sexes,,10.75403
2001,Eastern Mediterranean,High income,BHR,Bahrain,Both sexes,,10.32444
2002,Eastern Mediterranean,High income,BHR,Bahrain,Both sexes,,9.98239
2003,Eastern Mediterranean,High income,BHR,Bahrain,Both sexes,,9.6915
2004,Eastern Mediterranean,High income,BHR,Bahrain,Both sexes,,9.4129
2005,Eastern Mediterranean,High income,BHR,Bahrain,Both sexes,,9.11572
2006,Eastern Mediterranean,High income,BHR,Bahrain,Both sexes,,8.77047
2007,Eastern Mediterranean,High income,BHR,Bahrain,Both sexes,,8.39072
2008,Eastern Mediterranean,High income,BHR,Bahrain,Both sexes,,8.00068
2009,Eastern Mediterranean,High income,BHR,Bahrain,Both sexes,,7.62098
2010,Eastern Mediterranean,High income,BHR,Bahrain,Both sexes,,7.2871
2011,Eastern Mediterranean,High income,BHR,Bahrain,Both sexes,,7.02389
2012,Eastern Mediterranean,High income,BHR,Bahrain,Both sexes,,6.82574
2013,Eastern Mediterranean,High income,BHR,Bahrain,Both sexes,,6.68106
2014,Eastern Mediterranean,High income,BHR,Bahrain,Both sexes,,6.57307
2015,Eastern Mediterranean,High income,BHR,Bahrain,Both sexes,,6.47584
2016,Eastern Mediterranean,High income,BHR,Bahrain,Both sexes,,6.34984
2017,Eastern Mediterranean,High income,BHR,Bahrain,Both sexes,,6.21572
2018,Eastern Mediterranean,High income,BHR,Bahrain,Both sexes,,6.06494
2019,Eastern Mediterranean,High income,BHR,Bahrain,Both sexes,,5.90178
1995,Americas,High income,BRB,Barbados,Both sexes,,13.67219
1996,Americas,High income,BRB,Barbados,Both sexes,,13.47606
1997,Americas,High income,BRB,Barbados,Both sexes,,13.40111
1998,Americas,High income,BRB,Barbados,Both sexes,,13.42078
1999,Americas,High income,BRB,Barbados,Both sexes,,13.54057
2000,Americas,High income,BRB,Barbados,Both sexes,,13.71932
2001,Americas,High income,BRB,Barbados,Both sexes,,13.93181
2002,Americas,High income,BRB,Barbados,Both sexes,,14.14069
2003,Americas,High income,BRB,Barbados,Both sexes,,14.29748
2004,Americas,High income,BRB,Barbados,Both sexes,,14.36682
2005,Americas,High income,BRB,Barbados,Both sexes,,14.3533
2006,Americas,High income,BRB,Barbados,Both sexes,,14.28834
2007,Americas,High income,BRB,Barbados,Both sexes,,14.17813
2008,Americas,High income,BRB,Barbados,Both sexes,,14.04738
2009,Americas,High income,BRB,Barbados,Both sexes,,13.9297
2010,Americas,High income,BRB,Barbados,Both sexes,,13.80917
2011,Americas,High income,BRB,Barbados,Both sexes,,13.70365
2012,Americas,High income,BRB,Barbados,Both sexes,,13.58757
2013,Americas,High income,BRB,Barbados,Both sexes,,13.45436
2014,Americas,High income,BRB,Barbados,Both sexes,,13.25481
2015,Americas,High income,BRB,Barbados,Both sexes,,13.00636
2016,Americas,High income,BRB,Barbados,Both sexes,,12.72942
2017,Americas,High income,BRB,Barbados,Both sexes,,12.41068
2018,Americas,High income,BRB,Barbados,Both sexes,,12.08193
2019,Americas,High income,BRB,Barbados,Both sexes,,11.74111
1995,Europe,High income,BEL,Belgium,Both sexes,,6.32084
1996,Europe,High income,BEL,Belgium,Both sexes,,5.87112
1997,Europe,High income,BEL,Belgium,Both sexes,,5.49109
1998,Europe,High income,BEL,Belgium,Both sexes,,5.1946
1999,Europe,High income,BEL,Belgium,Both sexes,,4.96594
2000,Europe,High income,BEL,Belgium,Both sexes,,4.77141
2001,Europe,High income,BEL,Belgium,Both sexes,,4.59239
2002,Europe,High income,BEL,Belgium,Both sexes,,4.42732
2003,Europe,High income,BEL,Belgium,Both sexes,,4.27709
2004,Europe,High income,BEL,Belgium,Both sexes,,4.14122
2005,Europe,High income,BEL,Belgium,Both sexes,,4.02755
2006,Europe,High income,BEL,Belgium,Both sexes,,3.93554
2007,Europe,High income,BEL,Belgium,Both sexes,,3.8542
2008,Europe,High income,BEL,Belgium,Both sexes,,3.77613
2009,Europe,High income,BEL,Belgium,Both sexes,,3.69989
2010,Europe,High income,BEL,Belgium,Both sexes,,3.62726
2011,Europe,High income,BEL,Belgium,Both sexes,,3.55646
2012,Europe,High income,BEL,Belgium,Both sexes,,3.47986
2013,Europe,High income,BEL,Belgium,Both sexes,,3.38834
2014,Europe,High income,BEL,Belgium,Both sexes,,3.28415
2015,Europe,High income,BEL,Belgium,Both sexes,,3.17113
2016,Europe,High income,BEL,Belgium,Both sexes,,3.05435
2017,Europe,High income,BEL,Belgium,Both sexes,,2.94076
2018,Europe,High income,BEL,Belgium,Both sexes,,2.83577
2019,Europe,High income,BEL,Belgium,Both sexes,,2.7352
1995,Western Pacific,High income,BRN,Brunei Darussalam,Both sexes,,9.72009
1996,Western Pacific,High income,BRN,Brunei Darussalam,Both sexes,,9.40682
1997,Western Pacific,High income,BRN,Brunei Darussalam,Both sexes,,9.07705
1998,Western Pacific,High income,BRN,Brunei Darussalam,Both sexes,,8.7563
1999,Western Pacific,High income,BRN,Brunei Darussalam,Both sexes,,8.46343
2000,Western Pacific,High income,BRN,Brunei Darussalam,Both sexes,,8.21762
2001,Western Pacific,High income,BRN,Brunei Darussalam,Both sexes,,8.01595
2002,Western Pacific,High income,BRN,Brunei Darussalam,Both sexes,,7.86704
2003,Western Pacific,High income,BRN,Brunei Darussalam,Both sexes,,7.75852
2004,Western Pacific,High income,BRN,Brunei Darussalam,Both sexes,,7.68611
2005,Western Pacific,High income,BRN,Brunei Darussalam,Both sexes,,7.64721
2006,Western Pacific,High income,BRN,Brunei Darussalam,Both sexes,,7.64955
2007,Western Pacific,High income,BRN,Brunei Darussalam,Both sexes,,7.67954
2008,Western Pacific,High income,BRN,Brunei Darussalam,Both sexes,,7.73137
2009,Western Pacific,High income,BRN,Brunei Darussalam,Both sexes,,7.81331
2010,Western Pacific,High income,BRN,Brunei Darussalam,Both sexes,,7.91818
2011,Western Pacific,High income,BRN,Brunei Darussalam,Both sexes,,8.05666
2012,Western Pacific,High income,BRN,Brunei Darussalam,Both sexes,,8.21203
2013,Western Pacific,High income,BRN,Brunei Darussalam,Both sexes,,8.38819
2014,Western Pacific,High income,BRN,Brunei Darussalam,Both sexes,,8.58249
2015,Western Pacific,High income,BRN,Brunei Darussalam,Both sexes,,8.78253
2016,Western Pacific,High income,BRN,Brunei Darussalam,Both sexes,,8.98263
2017,Western Pacific,High income,BRN,Brunei Darussalam,Both sexes,,9.18594
2018,Western Pacific,High income,BRN,Brunei Darussalam,Both sexes,,9.38105
2019,Western Pacific,High income,BRN,Brunei Darussalam,Both sexes,,9.55268
1995,Americas,High income,CAN,Canada,Both sexes,,5.78179
1996,Americas,High income,CAN,Canada,Both sexes,,5.618
1997,Americas,High income,CAN,Canada,Both sexes,,5.47687
1998,Americas,High income,CAN,Canada,Both sexes,,5.3668
1999,Americas,High income,CAN,Canada,Both sexes,,5.2918
2000,Americas,High income,CAN,Canada,Both sexes,,5.25082
2001,Americas,High income,CAN,Canada,Both sexes,,5.23372
2002,Americas,High income,CAN,Canada,Both sexes,,5.23354
2003,Americas,High income,CAN,Canada,Both sexes,,5.23467
2004,Americas,High income,CAN,Canada,Both sexes,,5.22367
2005,Americas,High income,CAN,Canada,Both sexes,,5.19502
2006,Americas,High income,CAN,Canada,Both sexes,,5.14893
2007,Americas,High income,CAN,Canada,Both sexes,,5.08894
2008,Americas,High income,CAN,Canada,Both sexes,,5.02179
2009,Americas,High income,CAN,Canada,Both sexes,,4.95598
2010,Americas,High income,CAN,Canada,Both sexes,,4.89568
2011,Americas,High income,CAN,Canada,Both sexes,,4.84113
2012,Americas,High income,CAN,Canada,Both sexes,,4.79256
2013,Americas,High income,CAN,Canada,Both sexes,,4.74143
2014,Americas,High income,CAN,Canada,Both sexes,,4.67899
2015,Americas,High income,CAN,Canada,Both sexes,,4.60643
2016,Americas,High income,CAN,Canada,Both sexes,,4.52701
2017,Americas,High income,CAN,Canada,Both sexes,,4.44087
2018,Americas,High income,CAN,Canada,Both sexes,,4.34687
2019,Americas,High income,CAN,Canada,Both sexes,,4.24552
1995,Americas,High income,CHL,Chile,Both sexes,,11.10232
1996,Americas,High income,CHL,Chile,Both sexes,,10.62267
1997,Americas,High income,CHL,Chile,Both sexes,,10.34323
1998,Americas,High income,CHL,Chile,Both sexes,,10.12825
1999,Americas,High income,CHL,Chile,Both sexes,,9.78061
2000,Americas,High income,CHL,Chile,Both sexes,,9.24846
2001,Americas,High income,CHL,Chile,Both sexes,,8.71186
2002,Americas,High income,CHL,Chile,Both sexes,,8.32881
2003,Americas,High income,CHL,Chile,Both sexes,,8.08195
2004,Americas,High income,CHL,Chile,Both sexes,,7.8983
2005,Americas,High income,CHL,Chile,Both sexes,,7.74118
2006,Americas,High income,CHL,Chile,Both sexes,,7.62947
2007,Americas,High income,CHL,Chile,Both sexes,,7.58288
2008,Americas,High income,CHL,Chile,Both sexes,,7.56721
2009,Americas,High income,CHL,Chile,Both sexes,,7.52321
2010,Americas,High income,CHL,Chile,Both sexes,,7.41631
2011,Americas,High income,CHL,Chile,Both sexes,,7.28815
2012,Americas,High income,CHL,Chile,Both sexes,,7.17158
2013,Americas,High income,CHL,Chile,Both sexes,,7.05878
2014,Americas,High income,CHL,Chile,Both sexes,,6.92162
2015,Americas,High income,CHL,Chile,Both sexes,,6.74787
2016,Americas,High income,CHL,Chile,Both sexes,,6.55166
2017,Americas,High income,CHL,Chile,Both sexes,,6.35344
2018,Americas,High income,CHL,Chile,Both sexes,,6.15847
2019,Americas,High income,CHL,Chile,Both sexes,,5.96644
1995,Europe,High income,HRV,Croatia,Both sexes,,8.63628
1996,Europe,High income,HRV,Croatia,Both sexes,,8.31056
1997,Europe,High income,HRV,Croatia,Both sexes,,8.01233
1998,Europe,High income,HRV,Croatia,Both sexes,,7.72898
1999,Europe,High income,HRV,Croatia,Both sexes,,7.45429
2000,Europe,High income,HRV,Croatia,Both sexes,,7.1818
2001,Europe,High income,HRV,Croatia,Both sexes,,6.90676
2002,Europe,High income,HRV,Croatia,Both sexes,,6.62433
2003,Europe,High income,HRV,Croatia,Both sexes,,6.3377
2004,Europe,High income,HRV,Croatia,Both sexes,,6.05281
2005,Europe,High income,HRV,Croatia,Both sexes,,5.77623
2006,Europe,High income,HRV,Croatia,Both sexes,,5.51348
2007,Europe,High income,HRV,Croatia,Both sexes,,5.26905
2008,Europe,High income,HRV,Croatia,Both sexes,,5.04326
2009,Europe,High income,HRV,Croatia,Both sexes,,4.84138
2010,Europe,High income,HRV,Croatia,Both sexes,,4.66448
2011,Europe,High income,HRV,Croatia,Both sexes,,4.51688
2012,Europe,High income,HRV,Croatia,Both sexes,,4.4002
2013,Europe,High income,HRV,Croatia,Both sexes,,4.31452
2014,Europe,High income,HRV,Croatia,Both sexes,,4.24912
2015,Europe,High income,HRV,Croatia,Both sexes,,4.19921
2016,Europe,High income,HRV,Croatia,Both sexes,,4.16127
2017,Europe,High income,HRV,Croatia,Both sexes,,4.13113
2018,Europe,High income,HRV,Croatia,Both sexes,,4.09768
2019,Europe,High income,HRV,Croatia,Both sexes,,4.05452
1995,Europe,High income,CYP,Cyprus,Both sexes,,7.88496
1996,Europe,High income,CYP,Cyprus,Both sexes,,7.41041
1997,Europe,High income,CYP,Cyprus,Both sexes,,6.94721
1998,Europe,High income,CYP,Cyprus,Both sexes,,6.48627
1999,Europe,High income,CYP,Cyprus,Both sexes,,6.05782
2000,Europe,High income,CYP,Cyprus,Both sexes,,5.66564
2001,Europe,High income,CYP,Cyprus,Both sexes,,5.31712
2002,Europe,High income,CYP,Cyprus,Both sexes,,4.99795
2003,Europe,High income,CYP,Cyprus,Both sexes,,4.69628
2004,Europe,High income,CYP,Cyprus,Both sexes,,4.40812
2005,Europe,High income,CYP,Cyprus,Both sexes,,4.12346
2006,Europe,High income,CYP,Cyprus,Both sexes,,3.84821
2007,Europe,High income,CYP,Cyprus,Both sexes,,3.5875
2008,Europe,High income,CYP,Cyprus,Both sexes,,3.34722
2009,Europe,High income,CYP,Cyprus,Both sexes,,3.12737
2010,Europe,High income,CYP,Cyprus,Both sexes,,2.93199
2011,Europe,High income,CYP,Cyprus,Both sexes,,2.7549
2012,Europe,High income,CYP,Cyprus,Both sexes,,2.60142
2013,Europe,High income,CYP,Cyprus,Both sexes,,2.46238
2014,Europe,High income,CYP,Cyprus,Both sexes,,2.33809
2015,Europe,High income,CYP,Cyprus,Both sexes,,2.22019
2016,Europe,High income,CYP,Cyprus,Both sexes,,2.11074
2017,Europe,High income,CYP,Cyprus,Both sexes,,2.00909
2018,Europe,High income,CYP,Cyprus,Both sexes,,1.92124
2019,Europe,High income,CYP,Cyprus,Both sexes,,1.83956
1995,Europe,High income,CZE,Czechia,Both sexes,,7.1197
1996,Europe,High income,CZE,Czechia,Both sexes,,6.41407
1997,Europe,High income,CZE,Czechia,Both sexes,,5.79078
1998,Europe,High income,CZE,Czechia,Both sexes,,5.26738
1999,Europe,High income,CZE,Czechia,Both sexes,,4.84274
2000,Europe,High income,CZE,Czechia,Both sexes,,4.51459
2001,Europe,High income,CZE,Czechia,Both sexes,,4.26867
2002,Europe,High income,CZE,Czechia,Both sexes,,4.07493
2003,Europe,High income,CZE,Czechia,Both sexes,,3.8997
2004,Europe,High income,CZE,Czechia,Both sexes,,3.72005
2005,Europe,High income,CZE,Czechia,Both sexes,,3.53628
2006,Europe,High income,CZE,Czechia,Both sexes,,3.35133
2007,Europe,High income,CZE,Czechia,Both sexes,,3.17394
2008,Europe,High income,CZE,Czechia,Both sexes,,3.00742
2009,Europe,High income,CZE,Czechia,Both sexes,,2.85784
2010,Europe,High income,CZE,Czechia,Both sexes,,2.73077
2011,Europe,High income,CZE,Czechia,Both sexes,,2.62997
2012,Europe,High income,CZE,Czechia,Both sexes,,2.55873
2013,Europe,High income,CZE,Czechia,Both sexes,,2.52107
2014,Europe,High income,CZE,Czechia,Both sexes,,2.51253
2015,Europe,High income,CZE,Czechia,Both sexes,,2.52154
2016,Europe,High income,CZE,Czechia,Both sexes,,2.53609
2017,Europe,High income,CZE,Czechia,Both sexes,,2.54702
2018,Europe,High income,CZE,Czechia,Both sexes,,2.54661
2019,Europe,High income,CZE,Czechia,Both sexes,,2.52872
1995,Europe,High income,DNK,Denmark,Both sexes,,5.39119
1996,Europe,High income,DNK,Denmark,Both sexes,,5.16094
1997,Europe,High income,DNK,Denmark,Both sexes,,4.98798
1998,Europe,High income,DNK,Denmark,Both sexes,,4.8698
1999,Europe,High income,DNK,Denmark,Both sexes,,4.7926
2000,Europe,High income,DNK,Denmark,Both sexes,,4.73204
2001,Europe,High income,DNK,Denmark,Both sexes,,4.66953
2002,Europe,High income,DNK,Denmark,Both sexes,,4.58601
2003,Europe,High income,DNK,Denmark,Both sexes,,4.47511
2004,Europe,High income,DNK,Denmark,Both sexes,,4.33242
2005,Europe,High income,DNK,Denmark,Both sexes,,4.16641
2006,Europe,High income,DNK,Denmark,Both sexes,,3.99305
2007,Europe,High income,DNK,Denmark,Both sexes,,3.82413
2008,Europe,High income,DNK,Denmark,Both sexes,,3.67231
2009,Europe,High income,DNK,Denmark,Both sexes,,3.55127
2010,Europe,High income,DNK,Denmark,Both sexes,,3.47334
2011,Europe,High income,DNK,Denmark,Both sexes,,3.44301
2012,Europe,High income,DNK,Denmark,Both sexes,,3.44671
2013,Europe,High income,DNK,Denmark,Both sexes,,3.46942
2014,Europe,High income,DNK,Denmark,Both sexes,,3.49118
2015,Europe,High income,DNK,Denmark,Both sexes,,3.49485
2016,Europe,High income,DNK,Denmark,Both sexes,,3.47093
2017,Europe,High income,DNK,Denmark,Both sexes,,3.41801
2018,Europe,High income,DNK,Denmark,Both sexes,,3.33771
2019,Europe,High income,DNK,Denmark,Both sexes,,3.24069
1995,Europe,High income,EST,Estonia,Both sexes,,12.37083
1996,Europe,High income,EST,Estonia,Both sexes,,11.65995
1997,Europe,High income,EST,Estonia,Both sexes,,10.90436
1998,Europe,High income,EST,Estonia,Both sexes,,10.14053
1999,Europe,High income,EST,Estonia,Both sexes,,9.38705
2000,Europe,High income,EST,Estonia,Both sexes,,8.66087
2001,Europe,High income,EST,Estonia,Both sexes,,7.96253
2002,Europe,High income,EST,Estonia,Both sexes,,7.30283
2003,Europe,High income,EST,Estonia,Both sexes,,6.68915
2004,Europe,High income,EST,Estonia,Both sexes,,6.12422
2005,Europe,High income,EST,Estonia,Both sexes,,5.60413
2006,Europe,High income,EST,Estonia,Both sexes,,5.12185
2007,Europe,High income,EST,Estonia,Both sexes,,4.68109
2008,Europe,High income,EST,Estonia,Both sexes,,4.27999
2009,Europe,High income,EST,Estonia,Both sexes,,3.91774
2010,Europe,High income,EST,Estonia,Both sexes,,3.5963
2011,Europe,High income,EST,Estonia,Both sexes,,3.31098
2012,Europe,High income,EST,Estonia,Both sexes,,3.06122
2013,Europe,High income,EST,Estonia,Both sexes,,2.83907
2014,Europe,High income,EST,Estonia,Both sexes,,2.64081
2015,Europe,High income,EST,Estonia,Both sexes,,2.46037
2016,Europe,High income,EST,Estonia,Both sexes,,2.29383
2017,Europe,High income,EST,Estonia,Both sexes,,2.13807
2018,Europe,High income,EST,Estonia,Both sexes,,1.99652
2019,Europe,High income,EST,Estonia,Both sexes,,1.86964
1995,Europe,High income,FIN,Finland,Both sexes,,4.25088
1996,Europe,High income,FIN,Finland,Both sexes,,4.05199
1997,Europe,High income,FIN,Finland,Both sexes,,3.88644
1998,Europe,High income,FIN,Finland,Both sexes,,3.74548
1999,Europe,High income,FIN,Finland,Both sexes,,3.62067
2000,Europe,High income,FIN,Finland,Both sexes,,3.51341
2001,Europe,High income,FIN,Finland,Both sexes,,3.42094
2002,Europe,High income,FIN,Finland,Both sexes,,3.33629
2003,Europe,High income,FIN,Finland,Both sexes,,3.25489
2004,Europe,High income,FIN,Finland,Both sexes,,3.17089
2005,Europe,High income,FIN,Finland,Both sexes,,3.07441
2006,Europe,High income,FIN,Finland,Both sexes,,2.96343
2007,Europe,High income,FIN,Finland,Both sexes,,2.84031
2008,Europe,High income,FIN,Finland,Both sexes,,2.71252
2009,Europe,High income,FIN,Finland,Both sexes,,2.58606
2010,Europe,High income,FIN,Finland,Both sexes,,2.4652
2011,Europe,High income,FIN,Finland,Both sexes,,2.35054
2012,Europe,High income,FIN,Finland,Both sexes,,2.24739
2013,Europe,High income,FIN,Finland,Both sexes,,2.15942
2014,Europe,High income,FIN,Finland,Both sexes,,2.08823
2015,Europe,High income,FIN,Finland,Both sexes,,2.03354
2016,Europe,High income,FIN,Finland,Both sexes,,1.99499
2017,Europe,High income,FIN,Finland,Both sexes,,1.97241
2018,Europe,High income,FIN,Finland,Both sexes,,1.95734
2019,Europe,High income,FIN,Finland,Both sexes,,1.94558
1995,Europe,High income,FRA,France,Both sexes,,5.34804
1996,Europe,High income,FRA,France,Both sexes,,5.02717
1997,Europe,High income,FRA,France,Both sexes,,4.79398
1998,Europe,High income,FRA,France,Both sexes,,4.63963
1999,Europe,High income,FRA,France,Both sexes,,4.52803
2000,Europe,High income,FRA,France,Both sexes,,4.42725
2001,Europe,High income,FRA,France,Both sexes,,4.31965
2002,Europe,High income,FRA,France,Both sexes,,4.19026
2003,Europe,High income,FRA,France,Both sexes,,4.04335
2004,Europe,High income,FRA,France,Both sexes,,3.90213
2005,Europe,High income,FRA,France,Both sexes,,3.7872
2006,Europe,High income,FRA,France,Both sexes,,3.70316
2007,Europe,High income,FRA,France,Both sexes,,3.64561
2008,Europe,High income,FRA,France,Both sexes,,3.60854
2009,Europe,High income,FRA,France,Both sexes,,3.58376
2010,Europe,High income,FRA,France,Both sexes,,3.56173
2011,Europe,High income,FRA,France,Both sexes,,3.53858
2012,Europe,High income,FRA,France,Both sexes,,3.50889
2013,Europe,High income,FRA,France,Both sexes,,3.47488
2014,Europe,High income,FRA,France,Both sexes,,3.4548
2015,Europe,High income,FRA,France,Both sexes,,3.46626
2016,Europe,High income,FRA,France,Both sexes,,3.5124
2017,Europe,High income,FRA,France,Both sexes,,3.58978
2018,Europe,High income,FRA,France,Both sexes,,3.68693
2019,Europe,High income,FRA,France,Both sexes,,3.77353
1995,Europe,High income,DEU,Germany,Both sexes,,5.26839
1996,Europe,High income,DEU,Germany,Both sexes,,5.03406
1997,Europe,High income,DEU,Germany,Both sexes,,4.83038
1998,Europe,High income,DEU,Germany,Both sexes,,4.655
1999,Europe,High income,DEU,Germany,Both sexes,,4.50645
2000,Europe,High income,DEU,Germany,Both sexes,,4.38031
2001,Europe,High income,DEU,Germany,Both sexes,,4.27297
2002,Europe,High income,DEU,Germany,Both sexes,,4.17652
2003,Europe,High income,DEU,Germany,Both sexes,,4.08414
2004,Europe,High income,DEU,Germany,Both sexes,,3.99413
2005,Europe,High income,DEU,Germany,Both sexes,,3.90122
2006,Europe,High income,DEU,Germany,Both sexes,,3.80759
2007,Europe,High income,DEU,Germany,Both sexes,,3.7147
2008,Europe,High income,DEU,Germany,Both sexes,,3.62515
2009,Europe,High income,DEU,Germany,Both sexes,,3.54314
2010,Europe,High income,DEU,Germany,Both sexes,,3.47152
2011,Europe,High income,DEU,Germany,Both sexes,,3.41225
2012,Europe,High income,DEU,Germany,Both sexes,,3.36559
2013,Europe,High income,DEU,Germany,Both sexes,,3.3328
2014,Europe,High income,DEU,Germany,Both sexes,,3.31112
2015,Europe,High income,DEU,Germany,Both sexes,,3.2971
2016,Europe,High income,DEU,Germany,Both sexes,,3.28644
2017,Europe,High income,DEU,Germany,Both sexes,,3.2729
2018,Europe,High income,DEU,Germany,Both sexes,,3.25157
2019,Europe,High income,DEU,Germany,Both sexes,,3.21893
1995,Europe,High income,GRC,Greece,Both sexes,,7.44097
1996,Europe,High income,GRC,Greece,Both sexes,,7.1169
1997,Europe,High income,GRC,Greece,Both sexes,,6.76458
1998,Europe,High income,GRC,Greece,Both sexes,,6.39901
1999,Europe,High income,GRC,Greece,Both sexes,,6.01862
2000,Europe,High income,GRC,Greece,Both sexes,,5.62828
2001,Europe,High income,GRC,Greece,Both sexes,,5.24557
2002,Europe,High income,GRC,Greece,Both sexes,,4.89109
2003,Europe,High income,GRC,Greece,Both sexes,,4.5695
2004,Europe,High income,GRC,Greece,Both sexes,,4.27795
2005,Europe,High income,GRC,Greece,Both sexes,,4.00969
2006,Europe,High income,GRC,Greece,Both sexes,,3.78109
2007,Europe,High income,GRC,Greece,Both sexes,,3.61368
2008,Europe,High income,GRC,Greece,Both sexes,,3.51057
2009,Europe,High income,GRC,Greece,Both sexes,,3.45615
2010,Europe,High income,GRC,Greece,Both sexes,,3.43501
2011,Europe,High income,GRC,Greece,Both sexes,,3.4553
2012,Europe,High income,GRC,Greece,Both sexes,,3.53275
2013,Europe,High income,GRC,Greece,Both sexes,,3.66515
2014,Europe,High income,GRC,Greece,Both sexes,,3.80009
2015,Europe,High income,GRC,Greece,Both sexes,,3.87855
2016,Europe,High income,GRC,Greece,Both sexes,,3.86308
2017,Europe,High income,GRC,Greece,Both sexes,,3.74449
2018,Europe,High income,GRC,Greece,Both sexes,,3.53747
2019,Europe,High income,GRC,Greece,Both sexes,,3.30761
1995,Europe,High income,HUN,Hungary,Both sexes,,10.79281
1996,Europe,High income,HUN,Hungary,Both sexes,,10.29809
1997,Europe,High income,HUN,Hungary,Both sexes,,9.93252
1998,Europe,High income,HUN,Hungary,Both sexes,,9.57405
1999,Europe,High income,HUN,Hungary,Both sexes,,9.17081
2000,Europe,High income,HUN,Hungary,Both sexes,,8.68527
2001,Europe,High income,HUN,Hungary,Both sexes,,8.14785
2002,Europe,High income,HUN,Hungary,Both sexes,,7.62547
2003,Europe,High income,HUN,Hungary,Both sexes,,7.14977
2004,Europe,High income,HUN,Hungary,Both sexes,,6.74098
2005,Europe,High income,HUN,Hungary,Both sexes,,6.39959
2006,Europe,High income,HUN,Hungary,Both sexes,,6.10239
2007,Europe,High income,HUN,Hungary,Both sexes,,5.80334
2008,Europe,High income,HUN,Hungary,Both sexes,,5.49968
2009,Europe,High income,HUN,Hungary,Both sexes,,5.23529
2010,Europe,High income,HUN,Hungary,Both sexes,,5.05028
2011,Europe,High income,HUN,Hungary,Both sexes,,4.92869
2012,Europe,High income,HUN,Hungary,Both sexes,,4.8276
2013,Europe,High income,HUN,Hungary,Both sexes,,4.71084
2014,Europe,High income,HUN,Hungary,Both sexes,,4.5346
2015,Europe,High income,HUN,Hungary,Both sexes,,4.2746
2016,Europe,High income,HUN,Hungary,Both sexes,,3.95574
2017,Europe,High income,HUN,Hungary,Both sexes,,3.62231
2018,Europe,High income,HUN,Hungary,Both sexes,,3.3104
2019,Europe,High income,HUN,Hungary,Both sexes,,3.0328
1995,Europe,High income,ISL,Iceland,Both sexes,,4.17014
1996,Europe,High income,ISL,Iceland,Both sexes,,3.96134
1997,Europe,High income,ISL,Iceland,Both sexes,,3.75494
1998,Europe,High income,ISL,Iceland,Both sexes,,3.56
1999,Europe,High income,ISL,Iceland,Both sexes,,3.37217
2000,Europe,High income,ISL,Iceland,Both sexes,,3.19578
2001,Europe,High income,ISL,Iceland,Both sexes,,3.03147
2002,Europe,High income,ISL,Iceland,Both sexes,,2.88298
2003,Europe,High income,ISL,Iceland,Both sexes,,2.7472
2004,Europe,High income,ISL,Iceland,Both sexes,,2.62117
2005,Europe,High income,ISL,Iceland,Both sexes,,2.50732
2006,Europe,High income,ISL,Iceland,Both sexes,,2.4024
2007,Europe,High income,ISL,Iceland,Both sexes,,2.30899
2008,Europe,High income,ISL,Iceland,Both sexes,,2.22418
2009,Europe,High income,ISL,Iceland,Both sexes,,2.14441
2010,Europe,High income,ISL,Iceland,Both sexes,,2.06923
2011,Europe,High income,ISL,Iceland,Both sexes,,2.00279
2012,Europe,High income,ISL,Iceland,Both sexes,,1.93707
2013,Europe,High income,ISL,Iceland,Both sexes,,1.87526
2014,Europe,High income,ISL,Iceland,Both sexes,,1.8191
2015,Europe,High income,ISL,Iceland,Both sexes,,1.76215
2016,Europe,High income,ISL,Iceland,Both sexes,,1.70795
2017,Europe,High income,ISL,Iceland,Both sexes,,1.65772
2018,Europe,High income,ISL,Iceland,Both sexes,,1.60419
2019,Europe,High income,ISL,Iceland,Both sexes,,1.55308
1995,Europe,High income,IRL,Ireland,Both sexes,,6.08572
1996,Europe,High income,IRL,Ireland,Both sexes,,6.0809
1997,Europe,High income,IRL,Ireland,Both sexes,,6.10672
1998,Europe,High income,IRL,Ireland,Both sexes,,6.1266
1999,Europe,High income,IRL,Ireland,Both sexes,,6.09973
2000,Europe,High income,IRL,Ireland,Both sexes,,5.9888
2001,Europe,High income,IRL,Ireland,Both sexes,,5.7698
2002,Europe,High income,IRL,Ireland,Both sexes,,5.44976
2003,Europe,High income,IRL,Ireland,Both sexes,,5.07847
2004,Europe,High income,IRL,Ireland,Both sexes,,4.70399
2005,Europe,High income,IRL,Ireland,Both sexes,,4.36587
2006,Europe,High income,IRL,Ireland,Both sexes,,4.09634
2007,Europe,High income,IRL,Ireland,Both sexes,,3.89736
2008,Europe,High income,IRL,Ireland,Both sexes,,3.75052
2009,Europe,High income,IRL,Ireland,Both sexes,,3.63446
2010,Europe,High income,IRL,Ireland,Both sexes,,3.53777
2011,Europe,High income,IRL,Ireland,Both sexes,,3.45886
2012,Europe,High income,IRL,Ireland,Both sexes,,3.39027
2013,Europe,High income,IRL,Ireland,Both sexes,,3.3256
2014,Europe,High income,IRL,Ireland,Both sexes,,3.25859
2015,Europe,High income,IRL,Ireland,Both sexes,,3.18498
2016,Europe,High income,IRL,Ireland,Both sexes,,3.10372
2017,Europe,High income,IRL,Ireland,Both sexes,,3.01214
2018,Europe,High income,IRL,Ireland,Both sexes,,2.91963
2019,Europe,High income,IRL,Ireland,Both sexes,,2.82904
1995,Europe,High income,ISR,Israel,Both sexes,,7.08092
1996,Europe,High income,ISR,Israel,Both sexes,,6.66853
1997,Europe,High income,ISR,Israel,Both sexes,,6.33573
1998,Europe,High income,ISR,Israel,Both sexes,,6.05779
1999,Europe,High income,ISR,Israel,Both sexes,,5.80691
2000,Europe,High income,ISR,Israel,Both sexes,,5.57789
2001,Europe,High income,ISR,Israel,Both sexes,,5.36305
2002,Europe,High income,ISR,Israel,Both sexes,,5.15189
2003,Europe,High income,ISR,Israel,Both sexes,,4.9326
2004,Europe,High income,ISR,Israel,Both sexes,,4.70508
2005,Europe,High income,ISR,Israel,Both sexes,,4.48268
2006,Europe,High income,ISR,Israel,Both sexes,,4.27864
2007,Europe,High income,ISR,Israel,Both sexes,,4.09723
2008,Europe,High income,ISR,Israel,Both sexes,,3.9367
2009,Europe,High income,ISR,Israel,Both sexes,,3.79444
2010,Europe,High income,ISR,Israel,Both sexes,,3.66546
2011,Europe,High income,ISR,Israel,Both sexes,,3.54127
2012,Europe,High income,ISR,Israel,Both sexes,,3.42574
2013,Europe,High income,ISR,Israel,Both sexes,,3.3218
2014,Europe,High income,ISR,Israel,Both sexes,,3.23383
2015,Europe,High income,ISR,Israel,Both sexes,,3.15986
2016,Europe,High income,ISR,Israel,Both sexes,,3.10371
2017,Europe,High income,ISR,Israel,Both sexes,,3.05722
2018,Europe,High income,ISR,Israel,Both sexes,,3.01425
2019,Europe,High income,ISR,Israel,Both sexes,,2.96829
1995,Europe,High income,ITA,Italy,Both sexes,,6.40049
1996,Europe,High income,ITA,Italy,Both sexes,,5.99219
1997,Europe,High income,ITA,Italy,Both sexes,,5.61975
1998,Europe,High income,ITA,Italy,Both sexes,,5.28529
1999,Europe,High income,ITA,Italy,Both sexes,,4.98984
2000,Europe,High income,ITA,Italy,Both sexes,,4.72901
2001,Europe,High income,ITA,Italy,Both sexes,,4.49328
2002,Europe,High income,ITA,Italy,Both sexes,,4.28135
2003,Europe,High income,ITA,Italy,Both sexes,,4.09303
2004,Europe,High income,ITA,Italy,Both sexes,,3.92985
2005,Europe,High income,ITA,Italy,Both sexes,,3.79191
2006,Europe,High income,ITA,Italy,Both sexes,,3.68054
2007,Europe,High income,ITA,Italy,Both sexes,,3.59368
2008,Europe,High income,ITA,Italy,Both sexes,,3.5187
2009,Europe,High income,ITA,Italy,Both sexes,,3.44482
2010,Europe,High income,ITA,Italy,Both sexes,,3.36829
2011,Europe,High income,ITA,Italy,Both sexes,,3.28835
2012,Europe,High income,ITA,Italy,Both sexes,,3.20475
2013,Europe,High income,ITA,Italy,Both sexes,,3.11946
2014,Europe,High income,ITA,Italy,Both sexes,,3.03564
2015,Europe,High income,ITA,Italy,Both sexes,,2.95465
2016,Europe,High income,ITA,Italy,Both sexes,,2.88122
2017,Europe,High income,ITA,Italy,Both sexes,,2.81737
2018,Europe,High income,ITA,Italy,Both sexes,,2.75354
2019,Europe,High income,ITA,Italy,Both sexes,,2.68445
1995,Western Pacific,High income,JPN,Japan,Both sexes,,4.10842
1996,Western Pacific,High income,JPN,Japan,Both sexes,,3.948
1997,Western Pacific,High income,JPN,Japan,Both sexes,,3.77584
1998,Western Pacific,High income,JPN,Japan,Both sexes,,3.60128
1999,Western Pacific,High income,JPN,Japan,Both sexes,,3.43351
2000,Western Pacific,High income,JPN,Japan,Both sexes,,3.27838
2001,Western Pacific,High income,JPN,Japan,Both sexes,,3.14062
2002,Western Pacific,High income,JPN,Japan,Both sexes,,3.02224
2003,Western Pacific,High income,JPN,Japan,Both sexes,,2.92357
2004,Western Pacific,High income,JPN,Japan,Both sexes,,2.83647
2005,Western Pacific,High income,JPN,Japan,Both sexes,,2.7547
2006,Western Pacific,High income,JPN,Japan,Both sexes,,2.67418
2007,Western Pacific,High income,JPN,Japan,Both sexes,,2.59252
2008,Western Pacific,High income,JPN,Japan,Both sexes,,2.50977
2009,Western Pacific,High income,JPN,Japan,Both sexes,,2.42814
2010,Western Pacific,High income,JPN,Japan,Both sexes,,2.34875
2011,Western Pacific,High income,JPN,Japan,Both sexes,,2.29697
2012,Western Pacific,High income,JPN,Japan,Both sexes,,2.20226
2013,Western Pacific,High income,JPN,Japan,Both sexes,,2.13422
2014,Western Pacific,High income,JPN,Japan,Both sexes,,2.07003
2015,Western Pacific,High income,JPN,Japan,Both sexes,,2.0094
2016,Western Pacific,High income,JPN,Japan,Both sexes,,1.95147
2017,Western Pacific,High income,JPN,Japan,Both sexes,,1.89803
2018,Western Pacific,High income,JPN,Japan,Both sexes,,1.84737
2019,Western Pacific,High income,JPN,Japan,Both sexes,,1.79733
1995,Eastern Mediterranean,High income,KWT,Kuwait,Both sexes,,12.31307
1996,Eastern Mediterranean,High income,KWT,Kuwait,Both sexes,,11.96077
1997,Eastern Mediterranean,High income,KWT,Kuwait,Both sexes,,11.58238
1998,Eastern Mediterranean,High income,KWT,Kuwait,Both sexes,,11.21512
1999,Eastern Mediterranean,High income,KWT,Kuwait,Both sexes,,10.89476
2000,Eastern Mediterranean,High income,KWT,Kuwait,Both sexes,,10.63368
2001,Eastern Mediterranean,High income,KWT,Kuwait,Both sexes,,10.4268
2002,Eastern Mediterranean,High income,KWT,Kuwait,Both sexes,,10.26497
2003,Eastern Mediterranean,High income,KWT,Kuwait,Both sexes,,10.11497
2004,Eastern Mediterranean,High income,KWT,Kuwait,Both sexes,,9.9582
2005,Eastern Mediterranean,High income,KWT,Kuwait,Both sexes,,9.79805
2006,Eastern Mediterranean,High income,KWT,Kuwait,Both sexes,,9.65667
2007,Eastern Mediterranean,High income,KWT,Kuwait,Both sexes,,9.53491
2008,Eastern Mediterranean,High income,KWT,Kuwait,Both sexes,,9.3891
2009,Eastern Mediterranean,High income,KWT,Kuwait,Both sexes,,9.18055
2010,Eastern Mediterranean,High income,KWT,Kuwait,Both sexes,,8.90706
2011,Eastern Mediterranean,High income,KWT,Kuwait,Both sexes,,8.59044
2012,Eastern Mediterranean,High income,KWT,Kuwait,Both sexes,,8.25191
2013,Eastern Mediterranean,High income,KWT,Kuwait,Both sexes,,7.93409
2014,Eastern Mediterranean,High income,KWT,Kuwait,Both sexes,,7.67056
2015,Eastern Mediterranean,High income,KWT,Kuwait,Both sexes,,7.45544
2016,Eastern Mediterranean,High income,KWT,Kuwait,Both sexes,,7.27093
2017,Eastern Mediterranean,High income,KWT,Kuwait,Both sexes,,7.10237
2018,Eastern Mediterranean,High income,KWT,Kuwait,Both sexes,,6.93592
2019,Eastern Mediterranean,High income,KWT,Kuwait,Both sexes,,6.76706
1995,Europe,High income,LVA,Latvia,Both sexes,,15.67984
1996,Europe,High income,LVA,Latvia,Both sexes,,15.16179
1997,Europe,High income,LVA,Latvia,Both sexes,,14.34121
1998,Europe,High income,LVA,Latvia,Both sexes,,13.37178
1999,Europe,High income,LVA,Latvia,Both sexes,,12.39554
2000,Europe,High income,LVA,Latvia,Both sexes,,11.50796
2001,Europe,High income,LVA,Latvia,Both sexes,,10.79257
2002,Europe,High income,LVA,Latvia,Both sexes,,10.2328
2003,Europe,High income,LVA,Latvia,Both sexes,,9.72363
2004,Europe,High income,LVA,Latvia,Both sexes,,9.17677
2005,Europe,High income,LVA,Latvia,Both sexes,,8.62605
2006,Europe,High income,LVA,Latvia,Both sexes,,8.12922
2007,Europe,High income,LVA,Latvia,Both sexes,,7.71203
2008,Europe,High income,LVA,Latvia,Both sexes,,7.33522
2009,Europe,High income,LVA,Latvia,Both sexes,,6.95214
2010,Europe,High income,LVA,Latvia,Both sexes,,6.53972
2011,Europe,High income,LVA,Latvia,Both sexes,,6.08413
2012,Europe,High income,LVA,Latvia,Both sexes,,5.5903
2013,Europe,High income,LVA,Latvia,Both sexes,,5.09113
2014,Europe,High income,LVA,Latvia,Both sexes,,4.62923
2015,Europe,High income,LVA,Latvia,Both sexes,,4.21601
2016,Europe,High income,LVA,Latvia,Both sexes,,3.85543
2017,Europe,High income,LVA,Latvia,Both sexes,,3.55175
2018,Europe,High income,LVA,Latvia,Both sexes,,3.29945
2019,Europe,High income,LVA,Latvia,Both sexes,,3.09096
1995,Europe,High income,LTU,Lithuania,Both sexes,,11.90947
1996,Europe,High income,LTU,Lithuania,Both sexes,,10.67523
1997,Europe,High income,LTU,Lithuania,Both sexes,,9.83285
1998,Europe,High income,LTU,Lithuania,Both sexes,,9.26945
1999,Europe,High income,LTU,Lithuania,Both sexes,,8.88536
2000,Europe,High income,LTU,Lithuania,Both sexes,,8.56434
2001,Europe,High income,LTU,Lithuania,Both sexes,,8.22953
2002,Europe,High income,LTU,Lithuania,Both sexes,,7.89205
2003,Europe,High income,LTU,Lithuania,Both sexes,,7.64079
2004,Europe,High income,LTU,Lithuania,Both sexes,,7.47136
2005,Europe,High income,LTU,Lithuania,Both sexes,,7.26931
2006,Europe,High income,LTU,Lithuania,Both sexes,,6.92475
2007,Europe,High income,LTU,Lithuania,Both sexes,,6.45431
2008,Europe,High income,LTU,Lithuania,Both sexes,,5.92515
2009,Europe,High income,LTU,Lithuania,Both sexes,,5.39237
2010,Europe,High income,LTU,Lithuania,Both sexes,,4.90167
2011,Europe,High income,LTU,Lithuania,Both sexes,,4.49686
2012,Europe,High income,LTU,Lithuania,Both sexes,,4.20271
2013,Europe,High income,LTU,Lithuania,Both sexes,,4.05895
2014,Europe,High income,LTU,Lithuania,Both sexes,,4.04086
2015,Europe,High income,LTU,Lithuania,Both sexes,,4.02014
2016,Europe,High income,LTU,Lithuania,Both sexes,,3.86298
2017,Europe,High income,LTU,Lithuania,Both sexes,,3.59045
2018,Europe,High income,LTU,Lithuania,Both sexes,,3.28331
2019,Europe,High income,LTU,Lithuania,Both sexes,,2.98902
1995,Europe,High income,LUX,Luxembourg,Both sexes,,5.19724
1996,Europe,High income,LUX,Luxembourg,Both sexes,,4.86888
1997,Europe,High income,LUX,Luxembourg,Both sexes,,4.57252
1998,Europe,High income,LUX,Luxembourg,Both sexes,,4.31143
1999,Europe,High income,LUX,Luxembourg,Both sexes,,4.07977
2000,Europe,High income,LUX,Luxembourg,Both sexes,,3.86734
2001,Europe,High income,LUX,Luxembourg,Both sexes,,3.67266
2002,Europe,High income,LUX,Luxembourg,Both sexes,,3.4888
2003,Europe,High income,LUX,Luxembourg,Both sexes,,3.3127
2004,Europe,High income,LUX,Luxembourg,Both sexes,,3.1475
2005,Europe,High income,LUX,Luxembourg,Both sexes,,2.99017
2006,Europe,High income,LUX,Luxembourg,Both sexes,,2.84734
2007,Europe,High income,LUX,Luxembourg,Both sexes,,2.72267
2008,Europe,High income,LUX,Luxembourg,Both sexes,,2.61838
2009,Europe,High income,LUX,Luxembourg,Both sexes,,2.53276
2010,Europe,High income,LUX,Luxembourg,Both sexes,,2.47027
2011,Europe,High income,LUX,Luxembourg,Both sexes,,2.42546
2012,Europe,High income,LUX,Luxembourg,Both sexes,,2.39813
2013,Europe,High income,LUX,Luxembourg,Both sexes,,2.38026
2014,Europe,High income,LUX,Luxembourg,Both sexes,,2.37109
2015,Europe,High income,LUX,Luxembourg,Both sexes,,2.36795
2016,Europe,High income,LUX,Luxembourg,Both sexes,,2.35421
2017,Europe,High income,LUX,Luxembourg,Both sexes,,2.32757
2018,Europe,High income,LUX,Luxembourg,Both sexes,,2.29154
2019,Europe,High income,LUX,Luxembourg,Both sexes,,2.24776
1995,Europe,High income,MLT,Malta,Both sexes,,8.26012
1996,Europe,High income,MLT,Malta,Both sexes,,7.90201
1997,Europe,High income,MLT,Malta,Both sexes,,7.5494
1998,Europe,High income,MLT,Malta,Both sexes,,7.22401
1999,Europe,High income,MLT,Malta,Both sexes,,6.92319
2000,Europe,High income,MLT,Malta,Both sexes,,6.6614
2001,Europe,High income,MLT,Malta,Both sexes,,6.43976
2002,Europe,High income,MLT,Malta,Both sexes,,6.26458
2003,Europe,High income,MLT,Malta,Both sexes,,6.13177
2004,Europe,High income,MLT,Malta,Both sexes,,6.03656
2005,Europe,High income,MLT,Malta,Both sexes,,5.971
2006,Europe,High income,MLT,Malta,Both sexes,,5.93331
2007,Europe,High income,MLT,Malta,Both sexes,,5.92286
2008,Europe,High income,MLT,Malta,Both sexes,,5.92214
2009,Europe,High income,MLT,Malta,Both sexes,,5.92947
2010,Europe,High income,MLT,Malta,Both sexes,,5.94748
2011,Europe,High income,MLT,Malta,Both sexes,,5.96512
2012,Europe,High income,MLT,Malta,Both sexes,,5.99024
2013,Europe,High income,MLT,Malta,Both sexes,,6.02439
2014,Europe,High income,MLT,Malta,Both sexes,,6.06326
2015,Europe,High income,MLT,Malta,Both sexes,,6.10649
2016,Europe,High income,MLT,Malta,Both sexes,,6.14523
2017,Europe,High income,MLT,Malta,Both sexes,,6.16987
2018,Europe,High income,MLT,Malta,Both sexes,,6.14585
2019,Europe,High income,MLT,Malta,Both sexes,,6.07825
1995,Europe,High income,MCO,Monaco,Both sexes,,5.0848
1996,Europe,High income,MCO,Monaco,Both sexes,,4.87948
1997,Europe,High income,MCO,Monaco,Both sexes,,4.68878
1998,Europe,High income,MCO,Monaco,Both sexes,,4.51379
1999,Europe,High income,MCO,Monaco,Both sexes,,4.35221
2000,Europe,High income,MCO,Monaco,Both sexes,,4.20767
2001,Europe,High income,MCO,Monaco,Both sexes,,4.07315
2002,Europe,High income,MCO,Monaco,Both sexes,,3.95237
2003,Europe,High income,MCO,Monaco,Both sexes,,3.8443
2004,Europe,High income,MCO,Monaco,Both sexes,,3.74361
2005,Europe,High income,MCO,Monaco,Both sexes,,3.64974
2006,Europe,High income,MCO,Monaco,Both sexes,,3.56467
2007,Europe,High income,MCO,Monaco,Both sexes,,3.48084
2008,Europe,High income,MCO,Monaco,Both sexes,,3.40093
2009,Europe,High income,MCO,Monaco,Both sexes,,3.32631
2010,Europe,High income,MCO,Monaco,Both sexes,,3.25267
2011,Europe,High income,MCO,Monaco,Both sexes,,3.18075
2012,Europe,High income,MCO,Monaco,Both sexes,,3.10583
2013,Europe,High income,MCO,Monaco,Both sexes,,3.02691
2014,Europe,High income,MCO,Monaco,Both sexes,,2.95101
2015,Europe,High income,MCO,Monaco,Both sexes,,2.86668
2016,Europe,High income,MCO,Monaco,Both sexes,,2.78112
2017,Europe,High income,MCO,Monaco,Both sexes,,2.69666
2018,Europe,High income,MCO,Monaco,Both sexes,,2.61358
2019,Europe,High income,MCO,Monaco,Both sexes,,2.52768
1995,Western Pacific,High income,NRU,Nauru,Both sexes,,38.97772
1996,Western Pacific,High income,NRU,Nauru,Both sexes,,37.72422
1997,Western Pacific,High income,NRU,Nauru,Both sexes,,36.48465
1998,Western Pacific,High income,NRU,Nauru,Both sexes,,35.39075
1999,Western Pacific,High income,NRU,Nauru,Both sexes,,34.37535
2000,Western Pacific,High income,NRU,Nauru,Both sexes,,33.50286
2001,Western Pacific,High income,NRU,Nauru,Both sexes,,32.75609
2002,Western Pacific,High income,NRU,Nauru,Both sexes,,32.15821
2003,Western Pacific,High income,NRU,Nauru,Both sexes,,31.76755
2004,Western Pacific,High income,NRU,Nauru,Both sexes,,31.5126
2005,Western Pacific,High income,NRU,Nauru,Both sexes,,31.46856
2006,Western Pacific,High income,NRU,Nauru,Both sexes,,31.57006
2007,Western Pacific,High income,NRU,Nauru,Both sexes,,31.79847
2008,Western Pacific,High income,NRU,Nauru,Both sexes,,31.96109
2009,Western Pacific,High income,NRU,Nauru,Both sexes,,31.945
2010,Western Pacific,High income,NRU,Nauru,Both sexes,,31.66529
2011,Western Pacific,High income,NRU,Nauru,Both sexes,,31.29765
2012,Western Pacific,High income,NRU,Nauru,Both sexes,,30.73608
2013,Western Pacific,High income,NRU,Nauru,Both sexes,,30.09096
2014,Western Pacific,High income,NRU,Nauru,Both sexes,,29.39474
2015,Western Pacific,High income,NRU,Nauru,Both sexes,,28.69866
2016,Western Pacific,High income,NRU,Nauru,Both sexes,,27.95703
2017,Western Pacific,High income,NRU,Nauru,Both sexes,,27.2305
2018,Western Pacific,High income,NRU,Nauru,Both sexes,,26.42573
2019,Western Pacific,High income,NRU,Nauru,Both sexes,,25.70468
1995,Europe,High income,NLD,Netherlands,Both sexes,,5.67144
1996,Europe,High income,NLD,Netherlands,Both sexes,,5.51734
1997,Europe,High income,NLD,Netherlands,Both sexes,,5.39554
1998,Europe,High income,NLD,Netherlands,Both sexes,,5.29895
1999,Europe,High income,NLD,Netherlands,Both sexes,,5.21549
2000,Europe,High income,NLD,Netherlands,Both sexes,,5.1296
2001,Europe,High income,NLD,Netherlands,Both sexes,,5.02688
2002,Europe,High income,NLD,Netherlands,Both sexes,,4.90478
2003,Europe,High income,NLD,Netherlands,Both sexes,,4.76403
2004,Europe,High income,NLD,Netherlands,Both sexes,,4.60948
2005,Europe,High income,NLD,Netherlands,Both sexes,,4.44505
2006,Europe,High income,NLD,Netherlands,Both sexes,,4.27901
2007,Europe,High income,NLD,Netherlands,Both sexes,,4.11826
2008,Europe,High income,NLD,Netherlands,Both sexes,,3.96993
2009,Europe,High income,NLD,Netherlands,Both sexes,,3.83901
2010,Europe,High income,NLD,Netherlands,Both sexes,,3.72693
2011,Europe,High income,NLD,Netherlands,Both sexes,,3.63573
2012,Europe,High income,NLD,Netherlands,Both sexes,,3.5624
2013,Europe,High income,NLD,Netherlands,Both sexes,,3.50577
2014,Europe,High income,NLD,Netherlands,Both sexes,,3.46479
2015,Europe,High income,NLD,Netherlands,Both sexes,,3.43896
2016,Europe,High income,NLD,Netherlands,Both sexes,,3.42864
2017,Europe,High income,NLD,Netherlands,Both sexes,,3.42953
2018,Europe,High income,NLD,Netherlands,Both sexes,,3.44117
2019,Europe,High income,NLD,Netherlands,Both sexes,,3.45458
1995,Western Pacific,High income,NZL,New Zealand,Both sexes,,7.17896
1996,Western Pacific,High income,NZL,New Zealand,Both sexes,,6.90936
1997,Western Pacific,High income,NZL,New Zealand,Both sexes,,6.6674
1998,Western Pacific,High income,NZL,New Zealand,Both sexes,,6.45087
1999,Western Pacific,High income,NZL,New Zealand,Both sexes,,6.25885
2000,Western Pacific,High income,NZL,New Zealand,Both sexes,,6.08778
2001,Western Pacific,High income,NZL,New Zealand,Both sexes,,5.93807
2002,Western Pacific,High income,NZL,New Zealand,Both sexes,,5.80143
2003,Western Pacific,High income,NZL,New Zealand,Both sexes,,5.67424
2004,Western Pacific,High income,NZL,New Zealand,Both sexes,,5.55755
2005,Western Pacific,High income,NZL,New Zealand,Both sexes,,5.45601
2006,Western Pacific,High income,NZL,New Zealand,Both sexes,,5.37046
2007,Western Pacific,High income,NZL,New Zealand,Both sexes,,5.2973
2008,Western Pacific,High income,NZL,New Zealand,Both sexes,,5.22998
2009,Western Pacific,High income,NZL,New Zealand,Both sexes,,5.16122
2010,Western Pacific,High income,NZL,New Zealand,Both sexes,,5.08796
2011,Western Pacific,High income,NZL,New Zealand,Both sexes,,5.0053
2012,Western Pacific,High income,NZL,New Zealand,Both sexes,,4.90618
2013,Western Pacific,High income,NZL,New Zealand,Both sexes,,4.79586
2014,Western Pacific,High income,NZL,New Zealand,Both sexes,,4.66915
2015,Western Pacific,High income,NZL,New Zealand,Both sexes,,4.52626
2016,Western Pacific,High income,NZL,New Zealand,Both sexes,,4.37496
2017,Western Pacific,High income,NZL,New Zealand,Both sexes,,4.2249
2018,Western Pacific,High income,NZL,New Zealand,Both sexes,,4.08372
2019,Western Pacific,High income,NZL,New Zealand,Both sexes,,3.94255
1995,Europe,High income,NOR,Norway,Both sexes,,4.62805
1996,Europe,High income,NOR,Norway,Both sexes,,4.40518
1997,Europe,High income,NOR,Norway,Both sexes,,4.2502
1998,Europe,High income,NOR,Norway,Both sexes,,4.13549
1999,Europe,High income,NOR,Norway,Both sexes,,4.0352
2000,Europe,High income,NOR,Norway,Both sexes,,3.93294
2001,Europe,High income,NOR,Norway,Both sexes,,3.81818
2002,Europe,High income,NOR,Norway,Both sexes,,3.69102
2003,Europe,High income,NOR,Norway,Both sexes,,3.55752
2004,Europe,High income,NOR,Norway,Both sexes,,3.41823
2005,Europe,High income,NOR,Norway,Both sexes,,3.28181
2006,Europe,High income,NOR,Norway,Both sexes,,3.15141
2007,Europe,High income,NOR,Norway,Both sexes,,3.02529
2008,Europe,High income,NOR,Norway,Both sexes,,2.89724
2009,Europe,High income,NOR,Norway,Both sexes,,2.76835
2010,Europe,High income,NOR,Norway,Both sexes,,2.64598
2011,Europe,High income,NOR,Norway,Both sexes,,2.53569
2012,Europe,High income,NOR,Norway,Both sexes,,2.43744
2013,Europe,High income,NOR,Norway,Both sexes,,2.34985
2014,Europe,High income,NOR,Norway,Both sexes,,2.27484
2015,Europe,High income,NOR,Norway,Both sexes,,2.20692
2016,Europe,High income,NOR,Norway,Both sexes,,2.14526
2017,Europe,High income,NOR,Norway,Both sexes,,2.08879
2018,Europe,High income,NOR,Norway,Both sexes,,2.03478
2019,Europe,High income,NOR,Norway,Both sexes,,1.98417
1995,Eastern Mediterranean,High income,OMN,Oman,Both sexes,,20.39135
1996,Eastern Mediterranean,High income,OMN,Oman,Both sexes,,18.85648
1997,Eastern Mediterranean,High income,OMN,Oman,Both sexes,,17.45268
1998,Eastern Mediterranean,High income,OMN,Oman,Both sexes,,16.21724
1999,Eastern Mediterranean,High income,OMN,Oman,Both sexes,,15.12239
2000,Eastern Mediterranean,High income,OMN,Oman,Both sexes,,14.12229
2001,Eastern Mediterranean,High income,OMN,Oman,Both sexes,,13.26185
2002,Eastern Mediterranean,High income,OMN,Oman,Both sexes,,12.52528
2003,Eastern Mediterranean,High income,OMN,Oman,Both sexes,,11.91982
2004,Eastern Mediterranean,High income,OMN,Oman,Both sexes,,11.43004
2005,Eastern Mediterranean,High income,OMN,Oman,Both sexes,,11.04422
2006,Eastern Mediterranean,High income,OMN,Oman,Both sexes,,10.74004
2007,Eastern Mediterranean,High income,OMN,Oman,Both sexes,,10.50992
2008,Eastern Mediterranean,High income,OMN,Oman,Both sexes,,10.33415
2009,Eastern Mediterranean,High income,OMN,Oman,Both sexes,,10.19059
2010,Eastern Mediterranean,High income,OMN,Oman,Both sexes,,10.062
2011,Eastern Mediterranean,High income,OMN,Oman,Both sexes,,9.94198
2012,Eastern Mediterranean,High income,OMN,Oman,Both sexes,,9.82485
2013,Eastern Mediterranean,High income,OMN,Oman,Both sexes,,9.71953
2014,Eastern Mediterranean,High income,OMN,Oman,Both sexes,,9.64832
2015,Eastern Mediterranean,High income,OMN,Oman,Both sexes,,9.63579
2016,Eastern Mediterranean,High income,OMN,Oman,Both sexes,,9.67531
2017,Eastern Mediterranean,High income,OMN,Oman,Both sexes,,9.7388
2018,Eastern Mediterranean,High income,OMN,Oman,Both sexes,,9.79755
2019,Eastern Mediterranean,High income,OMN,Oman,Both sexes,,9.81234
1995,Western Pacific,High income,PLW,Palau,Both sexes,,28.38376
1996,Western Pacific,High income,PLW,Palau,Both sexes,,27.75533
1997,Western Pacific,High income,PLW,Palau,Both sexes,,27.14473
1998,Western Pacific,High income,PLW,Palau,Both sexes,,26.51349
1999,Western Pacific,High income,PLW,Palau,Both sexes,,25.95464
2000,Western Pacific,High income,PLW,Palau,Both sexes,,25.34496
2001,Western Pacific,High income,PLW,Palau,Both sexes,,24.8855
2002,Western Pacific,High income,PLW,Palau,Both sexes,,24.40961
2003,Western Pacific,High income,PLW,Palau,Both sexes,,23.94213
2004,Western Pacific,High income,PLW,Palau,Both sexes,,23.55243
2005,Western Pacific,High income,PLW,Palau,Both sexes,,23.15215
2006,Western Pacific,High income,PLW,Palau,Both sexes,,22.73431
2007,Western Pacific,High income,PLW,Palau,Both sexes,,22.2797
2008,Western Pacific,High income,PLW,Palau,Both sexes,,21.75449
2009,Western Pacific,High income,PLW,Palau,Both sexes,,21.2149
2010,Western Pacific,High income,PLW,Palau,Both sexes,,20.66569
2011,Western Pacific,High income,PLW,Palau,Both sexes,,20.04209
2012,Western Pacific,High income,PLW,Palau,Both sexes,,19.50118
2013,Western Pacific,High income,PLW,Palau,Both sexes,,18.94692
2014,Western Pacific,High income,PLW,Palau,Both sexes,,18.42939
2015,Western Pacific,High income,PLW,Palau,Both sexes,,17.86409
2016,Western Pacific,High income,PLW,Palau,Both sexes,,17.36336
2017,Western Pacific,High income,PLW,Palau,Both sexes,,16.83679
2018,Western Pacific,High income,PLW,Palau,Both sexes,,16.29283
2019,Western Pacific,High income,PLW,Palau,Both sexes,,15.77971
1995,Europe,High income,POL,Poland,Both sexes,,12.6126
1996,Europe,High income,POL,Poland,Both sexes,,11.56934
1997,Europe,High income,POL,Poland,Both sexes,,10.42016
1998,Europe,High income,POL,Poland,Both sexes,,9.41477
1999,Europe,High income,POL,Poland,Both sexes,,8.6453
2000,Europe,High income,POL,Poland,Both sexes,,8.06931
2001,Europe,High income,POL,Poland,Both sexes,,7.63826
2002,Europe,High income,POL,Poland,Both sexes,,7.30455
2003,Europe,High income,POL,Poland,Both sexes,,7.02197
2004,Europe,High income,POL,Poland,Both sexes,,6.7667
2005,Europe,High income,POL,Poland,Both sexes,,6.5295
2006,Europe,High income,POL,Poland,Both sexes,,6.30698
2007,Europe,High income,POL,Poland,Both sexes,,6.06763
2008,Europe,High income,POL,Poland,Both sexes,,5.78278
2009,Europe,High income,POL,Poland,Both sexes,,5.45152
2010,Europe,High income,POL,Poland,Both sexes,,5.13383
2011,Europe,High income,POL,Poland,Both sexes,,4.87519
2012,Europe,High income,POL,Poland,Both sexes,,4.66905
2013,Europe,High income,POL,Poland,Both sexes,,4.48857
2014,Europe,High income,POL,Poland,Both sexes,,4.31868
2015,Europe,High income,POL,Poland,Both sexes,,4.16629
2016,Europe,High income,POL,Poland,Both sexes,,4.03541
2017,Europe,High income,POL,Poland,Both sexes,,3.92665
2018,Europe,High income,POL,Poland,Both sexes,,3.8366
2019,Europe,High income,POL,Poland,Both sexes,,3.76272
1995,Europe,High income,PRT,Portugal,Both sexes,,7.46323
1996,Europe,High income,PRT,Portugal,Both sexes,,6.99118
1997,Europe,High income,PRT,Portugal,Both sexes,,6.61105
1998,Europe,High income,PRT,Portugal,Both sexes,,6.26063
1999,Europe,High income,PRT,Portugal,Both sexes,,5.90666
2000,Europe,High income,PRT,Portugal,Both sexes,,5.5227
2001,Europe,High income,PRT,Portugal,Both sexes,,5.10362
2002,Europe,High income,PRT,Portugal,Both sexes,,4.67793
2003,Europe,High income,PRT,Portugal,Both sexes,,4.27448
2004,Europe,High income,PRT,Portugal,Both sexes,,3.91881
2005,Europe,High income,PRT,Portugal,Both sexes,,3.63278
2006,Europe,High income,PRT,Portugal,Both sexes,,3.43283
2007,Europe,High income,PRT,Portugal,Both sexes,,3.29721
2008,Europe,High income,PRT,Portugal,Both sexes,,3.1968
2009,Europe,High income,PRT,Portugal,Both sexes,,3.11634
2010,Europe,High income,PRT,Portugal,Both sexes,,3.05417
2011,Europe,High income,PRT,Portugal,Both sexes,,3.00724
2012,Europe,High income,PRT,Portugal,Both sexes,,2.97611
2013,Europe,High income,PRT,Portugal,Both sexes,,2.95773
2014,Europe,High income,PRT,Portugal,Both sexes,,2.95441
2015,Europe,High income,PRT,Portugal,Both sexes,,2.96228
2016,Europe,High income,PRT,Portugal,Both sexes,,2.98124
2017,Europe,High income,PRT,Portugal,Both sexes,,3.00573
2018,Europe,High income,PRT,Portugal,Both sexes,,3.03065
2019,Europe,High income,PRT,Portugal,Both sexes,,3.05017
1995,Eastern Mediterranean,High income,QAT,Qatar,Both sexes,,13.146
1996,Eastern Mediterranean,High income,QAT,Qatar,Both sexes,,12.55307
1997,Eastern Mediterranean,High income,QAT,Qatar,Both sexes,,12.04179
1998,Eastern Mediterranean,High income,QAT,Qatar,Both sexes,,11.58849
1999,Eastern Mediterranean,High income,QAT,Qatar,Both sexes,,11.15597
2000,Eastern Mediterranean,High income,QAT,Qatar,Both sexes,,10.74021
2001,Eastern Mediterranean,High income,QAT,Qatar,Both sexes,,10.34161
2002,Eastern Mediterranean,High income,QAT,Qatar,Both sexes,,9.95295
2003,Eastern Mediterranean,High income,QAT,Qatar,Both sexes,,9.58858
2004,Eastern Mediterranean,High income,QAT,Qatar,Both sexes,,9.25311
2005,Eastern Mediterranean,High income,QAT,Qatar,Both sexes,,8.94458
2006,Eastern Mediterranean,High income,QAT,Qatar,Both sexes,,8.66681
2007,Eastern Mediterranean,High income,QAT,Qatar,Both sexes,,8.41834
2008,Eastern Mediterranean,High income,QAT,Qatar,Both sexes,,8.19419
2009,Eastern Mediterranean,High income,QAT,Qatar,Both sexes,,7.99677
2010,Eastern Mediterranean,High income,QAT,Qatar,Both sexes,,7.8077
2011,Eastern Mediterranean,High income,QAT,Qatar,Both sexes,,7.61437
2012,Eastern Mediterranean,High income,QAT,Qatar,Both sexes,,7.42089
2013,Eastern Mediterranean,High income,QAT,Qatar,Both sexes,,7.2072
2014,Eastern Mediterranean,High income,QAT,Qatar,Both sexes,,6.96614
2015,Eastern Mediterranean,High income,QAT,Qatar,Both sexes,,6.69549
2016,Eastern Mediterranean,High income,QAT,Qatar,Both sexes,,6.40726
2017,Eastern Mediterranean,High income,QAT,Qatar,Both sexes,,6.111
2018,Eastern Mediterranean,High income,QAT,Qatar,Both sexes,,5.82837
2019,Eastern Mediterranean,High income,QAT,Qatar,Both sexes,,5.56815
1995,Western Pacific,High income,KOR,Republic of Korea,Both sexes,,8.90697
1996,Western Pacific,High income,KOR,Republic of Korea,Both sexes,,8.27139
1997,Western Pacific,High income,KOR,Republic of Korea,Both sexes,,7.71593
1998,Western Pacific,High income,KOR,Republic of Korea,Both sexes,,7.22631
1999,Western Pacific,High income,KOR,Republic of Korea,Both sexes,,6.80444
2000,Western Pacific,High income,KOR,Republic of Korea,Both sexes,,6.43701
2001,Western Pacific,High income,KOR,Republic of Korea,Both sexes,,6.10588
2002,Western Pacific,High income,KOR,Republic of Korea,Both sexes,,5.78492
2003,Western Pacific,High income,KOR,Republic of Korea,Both sexes,,5.45513
2004,Western Pacific,High income,KOR,Republic of Korea,Both sexes,,5.11369
2005,Western Pacific,High income,KOR,Republic of Korea,Both sexes,,4.76369
2006,Western Pacific,High income,KOR,Republic of Korea,Both sexes,,4.42635
2007,Western Pacific,High income,KOR,Republic of Korea,Both sexes,,4.12826
2008,Western Pacific,High income,KOR,Republic of Korea,Both sexes,,3.88165
2009,Western Pacific,High income,KOR,Republic of Korea,Both sexes,,3.68191
2010,Western Pacific,High income,KOR,Republic of Korea,Both sexes,,3.52414
2011,Western Pacific,High income,KOR,Republic of Korea,Both sexes,,3.39699
2012,Western Pacific,High income,KOR,Republic of Korea,Both sexes,,3.28531
2013,Western Pacific,High income,KOR,Republic of Korea,Both sexes,,3.18092
2014,Western Pacific,High income,KOR,Republic of Korea,Both sexes,,3.08498
2015,Western Pacific,High income,KOR,Republic of Korea,Both sexes,,2.99724
2016,Western Pacific,High income,KOR,Republic of Korea,Both sexes,,2.91842
2017,Western Pacific,High income,KOR,Republic of Korea,Both sexes,,2.848
2018,Western Pacific,High income,KOR,Republic of Korea,Both sexes,,2.78593
2019,Western Pacific,High income,KOR,Republic of Korea,Both sexes,,2.72669
1995,Americas,High income,KNA,Saint Kitts and Nevis,Both sexes,,23.25733
1996,Americas,High income,KNA,Saint Kitts and Nevis,Both sexes,,22.77228
1997,Americas,High income,KNA,Saint Kitts and Nevis,Both sexes,,22.18139
1998,Americas,High income,KNA,Saint Kitts and Nevis,Both sexes,,21.49039
1999,Americas,High income,KNA,Saint Kitts and Nevis,Both sexes,,20.68923
2000,Americas,High income,KNA,Saint Kitts and Nevis,Both sexes,,19.83265
2001,Americas,High income,KNA,Saint Kitts and Nevis,Both sexes,,18.9272
2002,Americas,High income,KNA,Saint Kitts and Nevis,Both sexes,,18.04855
2003,Americas,High income,KNA,Saint Kitts and Nevis,Both sexes,,17.248
2004,Americas,High income,KNA,Saint Kitts and Nevis,Both sexes,,16.53206
2005,Americas,High income,KNA,Saint Kitts and Nevis,Both sexes,,15.95834
2006,Americas,High income,KNA,Saint Kitts and Nevis,Both sexes,,15.50722
2007,Americas,High income,KNA,Saint Kitts and Nevis,Both sexes,,15.15779
2008,Americas,High income,KNA,Saint Kitts and Nevis,Both sexes,,14.91685
2009,Americas,High income,KNA,Saint Kitts and Nevis,Both sexes,,14.74892
2010,Americas,High income,KNA,Saint Kitts and Nevis,Both sexes,,14.64786
2011,Americas,High income,KNA,Saint Kitts and Nevis,Both sexes,,14.56902
2012,Americas,High income,KNA,Saint Kitts and Nevis,Both sexes,,14.5058
2013,Americas,High income,KNA,Saint Kitts and Nevis,Both sexes,,14.454
2014,Americas,High income,KNA,Saint Kitts and Nevis,Both sexes,,14.3164
2015,Americas,High income,KNA,Saint Kitts and Nevis,Both sexes,,14.12593
2016,Americas,High income,KNA,Saint Kitts and Nevis,Both sexes,,13.87111
2017,Americas,High income,KNA,Saint Kitts and Nevis,Both sexes,,13.54784
2018,Americas,High income,KNA,Saint Kitts and Nevis,Both sexes,,13.22883
2019,Americas,High income,KNA,Saint Kitts and Nevis,Both sexes,,12.87566
1995,Europe,High income,SMR,San Marino,Both sexes,,8.11848
1996,Europe,High income,SMR,San Marino,Both sexes,,7.46894
1997,Europe,High income,SMR,San Marino,Both sexes,,6.86602
1998,Europe,High income,SMR,San Marino,Both sexes,,6.31808
1999,Europe,High income,SMR,San Marino,Both sexes,,5.82712
2000,Europe,High income,SMR,San Marino,Both sexes,,5.36272
2001,Europe,High income,SMR,San Marino,Both sexes,,4.94433
2002,Europe,High income,SMR,San Marino,Both sexes,,4.55879
2003,Europe,High income,SMR,San Marino,Both sexes,,4.2028
2004,Europe,High income,SMR,San Marino,Both sexes,,3.8824
2005,Europe,High income,SMR,San Marino,Both sexes,,3.58319
2006,Europe,High income,SMR,San Marino,Both sexes,,3.31096
2007,Europe,High income,SMR,San Marino,Both sexes,,3.06161
2008,Europe,High income,SMR,San Marino,Both sexes,,2.83123
2009,Europe,High income,SMR,San Marino,Both sexes,,2.61676
2010,Europe,High income,SMR,San Marino,Both sexes,,2.41535
2011,Europe,High income,SMR,San Marino,Both sexes,,2.23462
2012,Europe,High income,SMR,San Marino,Both sexes,,2.08843
2013,Europe,High income,SMR,San Marino,Both sexes,,1.96147
2014,Europe,High income,SMR,San Marino,Both sexes,,1.85863
2015,Europe,High income,SMR,San Marino,Both sexes,,1.76944
2016,Europe,High income,SMR,San Marino,Both sexes,,1.68592
2017,Europe,High income,SMR,San Marino,Both sexes,,1.61462
2018,Europe,High income,SMR,San Marino,Both sexes,,1.55257
2019,Europe,High income,SMR,San Marino,Both sexes,,1.49318
1995,Eastern Mediterranean,High income,SAU,Saudi Arabia,Both sexes,,25.31005
1996,Eastern Mediterranean,High income,SAU,Saudi Arabia,Both sexes,,23.72381
1997,Eastern Mediterranean,High income,SAU,Saudi Arabia,Both sexes,,22.30535
1998,Eastern Mediterranean,High income,SAU,Saudi Arabia,Both sexes,,21.00496
1999,Eastern Mediterranean,High income,SAU,Saudi Arabia,Both sexes,,19.7975
2000,Eastern Mediterranean,High income,SAU,Saudi Arabia,Both sexes,,18.69983
2001,Eastern Mediterranean,High income,SAU,Saudi Arabia,Both sexes,,17.66034
2002,Eastern Mediterranean,High income,SAU,Saudi Arabia,Both sexes,,16.68404
2003,Eastern Mediterranean,High income,SAU,Saudi Arabia,Both sexes,,15.77612
2004,Eastern Mediterranean,High income,SAU,Saudi Arabia,Both sexes,,14.92241
2005,Eastern Mediterranean,High income,SAU,Saudi Arabia,Both sexes,,14.08247
2006,Eastern Mediterranean,High income,SAU,Saudi Arabia,Both sexes,,13.25645
2007,Eastern Mediterranean,High income,SAU,Saudi Arabia,Both sexes,,12.47037
2008,Eastern Mediterranean,High income,SAU,Saudi Arabia,Both sexes,,11.70529
2009,Eastern Mediterranean,High income,SAU,Saudi Arabia,Both sexes,,10.96571
2010,Eastern Mediterranean,High income,SAU,Saudi Arabia,Both sexes,,10.25093
2011,Eastern Mediterranean,High income,SAU,Saudi Arabia,Both sexes,,9.57689
2012,Eastern Mediterranean,High income,SAU,Saudi Arabia,Both sexes,,8.92874
2013,Eastern Mediterranean,High income,SAU,Saudi Arabia,Both sexes,,8.33049
2014,Eastern Mediterranean,High income,SAU,Saudi Arabia,Both sexes,,7.76309
2015,Eastern Mediterranean,High income,SAU,Saudi Arabia,Both sexes,,7.21909
2016,Eastern Mediterranean,High income,SAU,Saudi Arabia,Both sexes,,6.72504
2017,Eastern Mediterranean,High income,SAU,Saudi Arabia,Both sexes,,6.31845
2018,Eastern Mediterranean,High income,SAU,Saudi Arabia,Both sexes,,5.97015
2019,Eastern Mediterranean,High income,SAU,Saudi Arabia,Both sexes,,5.68587
1995,Africa,High income,SYC,Seychelles,Both sexes,,12.33974
1996,Africa,High income,SYC,Seychelles,Both sexes,,12.17008
1997,Africa,High income,SYC,Seychelles,Both sexes,,12.03575
1998,Africa,High income,SYC,Seychelles,Both sexes,,11.94084
1999,Africa,High income,SYC,Seychelles,Both sexes,,11.88305
2000,Africa,High income,SYC,Seychelles,Both sexes,,11.83683
2001,Africa,High income,SYC,Seychelles,Both sexes,,11.82062
2002,Africa,High income,SYC,Seychelles,Both sexes,,11.80151
2003,Africa,High income,SYC,Seychelles,Both sexes,,11.80115
2004,Africa,High income,SYC,Seychelles,Both sexes,,11.80595
2005,Africa,High income,SYC,Seychelles,Both sexes,,11.83346
2006,Africa,High income,SYC,Seychelles,Both sexes,,11.86348
2007,Africa,High income,SYC,Seychelles,Both sexes,,11.91498
2008,Africa,High income,SYC,Seychelles,Both sexes,,11.9698
2009,Africa,High income,SYC,Seychelles,Both sexes,,12.04457
2010,Africa,High income,SYC,Seychelles,Both sexes,,12.127
2011,Africa,High income,SYC,Seychelles,Both sexes,,12.23092
2012,Africa,High income,SYC,Seychelles,Both sexes,,12.34336
2013,Africa,High income,SYC,Seychelles,Both sexes,,12.46568
2014,Africa,High income,SYC,Seychelles,Both sexes,,12.60044
2015,Africa,High income,SYC,Seychelles,Both sexes,,12.70125
2016,Africa,High income,SYC,Seychelles,Both sexes,,12.74413
2017,Africa,High income,SYC,Seychelles,Both sexes,,12.66157
2018,Africa,High income,SYC,Seychelles,Both sexes,,12.49662
2019,Africa,High income,SYC,Seychelles,Both sexes,,12.26169
1995,Western Pacific,High income,SGP,Singapore,Both sexes,,3.97326
1996,Western Pacific,High income,SGP,Singapore,Both sexes,,3.78505
1997,Western Pacific,High income,SGP,Singapore,Both sexes,,3.62229
1998,Western Pacific,High income,SGP,Singapore,Both sexes,,3.44417
1999,Western Pacific,High income,SGP,Singapore,Both sexes,,3.24035
2000,Western Pacific,High income,SGP,Singapore,Both sexes,,3.02649
2001,Western Pacific,High income,SGP,Singapore,Both sexes,,2.82549
2002,Western Pacific,High income,SGP,Singapore,Both sexes,,2.64546
2003,Western Pacific,High income,SGP,Singapore,Both sexes,,2.49856
2004,Western Pacific,High income,SGP,Singapore,Both sexes,,2.38777
2005,Western Pacific,High income,SGP,Singapore,Both sexes,,2.31117
2006,Western Pacific,High income,SGP,Singapore,Both sexes,,2.26565
2007,Western Pacific,High income,SGP,Singapore,Both sexes,,2.2455
2008,Western Pacific,High income,SGP,Singapore,Both sexes,,2.2405
2009,Western Pacific,High income,SGP,Singapore,Both sexes,,2.23784
2010,Western Pacific,High income,SGP,Singapore,Both sexes,,2.23568
2011,Western Pacific,High income,SGP,Singapore,Both sexes,,2.22393
2012,Western Pacific,High income,SGP,Singapore,Both sexes,,2.2059
2013,Western Pacific,High income,SGP,Singapore,Both sexes,,2.19177
2014,Western Pacific,High income,SGP,Singapore,Both sexes,,2.18275
2015,Western Pacific,High income,SGP,Singapore,Both sexes,,2.17632
2016,Western Pacific,High income,SGP,Singapore,Both sexes,,2.16834
2017,Western Pacific,High income,SGP,Singapore,Both sexes,,2.14916
2018,Western Pacific,High income,SGP,Singapore,Both sexes,,2.1106
2019,Western Pacific,High income,SGP,Singapore,Both sexes,,2.05011
1995,Europe,High income,SVK,Slovakia,Both sexes,,10.14196
1996,Europe,High income,SVK,Slovakia,Both sexes,,9.70206
1997,Europe,High income,SVK,Slovakia,Both sexes,,9.286
1998,Europe,High income,SVK,Slovakia,Both sexes,,8.89548
1999,Europe,High income,SVK,Slovakia,Both sexes,,8.53042
2000,Europe,High income,SVK,Slovakia,Both sexes,,8.19115
2001,Europe,High income,SVK,Slovakia,Both sexes,,7.88088
2002,Europe,High income,SVK,Slovakia,Both sexes,,7.59239
2003,Europe,High income,SVK,Slovakia,Both sexes,,7.32364
2004,Europe,High income,SVK,Slovakia,Both sexes,,7.06587
2005,Europe,High income,SVK,Slovakia,Both sexes,,6.81906
2006,Europe,High income,SVK,Slovakia,Both sexes,,6.58198
2007,Europe,High income,SVK,Slovakia,Both sexes,,6.35531
2008,Europe,High income,SVK,Slovakia,Both sexes,,6.1424
2009,Europe,High income,SVK,Slovakia,Both sexes,,5.9464
2010,Europe,High income,SVK,Slovakia,Both sexes,,5.76642
2011,Europe,High income,SVK,Slovakia,Both sexes,,5.60663
2012,Europe,High income,SVK,Slovakia,Both sexes,,5.46123
2013,Europe,High income,SVK,Slovakia,Both sexes,,5.32798
2014,Europe,High income,SVK,Slovakia,Both sexes,,5.20631
2015,Europe,High income,SVK,Slovakia,Both sexes,,5.09241
2016,Europe,High income,SVK,Slovakia,Both sexes,,4.98392
2017,Europe,High income,SVK,Slovakia,Both sexes,,4.88068
2018,Europe,High income,SVK,Slovakia,Both sexes,,4.78197
2019,Europe,High income,SVK,Slovakia,Both sexes,,4.68318
1995,Europe,High income,SVN,Slovenia,Both sexes,,6.22679
1996,Europe,High income,SVN,Slovenia,Both sexes,,5.83079
1997,Europe,High income,SVN,Slovenia,Both sexes,,5.47235
1998,Europe,High income,SVN,Slovenia,Both sexes,,5.14372
1999,Europe,High income,SVN,Slovenia,Both sexes,,4.84402
2000,Europe,High income,SVN,Slovenia,Both sexes,,4.56979
2001,Europe,High income,SVN,Slovenia,Both sexes,,4.31705
2002,Europe,High income,SVN,Slovenia,Both sexes,,4.0839
2003,Europe,High income,SVN,Slovenia,Both sexes,,3.86279
2004,Europe,High income,SVN,Slovenia,Both sexes,,3.65513
2005,Europe,High income,SVN,Slovenia,Both sexes,,3.45987
2006,Europe,High income,SVN,Slovenia,Both sexes,,3.27192
2007,Europe,High income,SVN,Slovenia,Both sexes,,3.09349
2008,Europe,High income,SVN,Slovenia,Both sexes,,2.9247
2009,Europe,High income,SVN,Slovenia,Both sexes,,2.76486
2010,Europe,High income,SVN,Slovenia,Both sexes,,2.61616
2011,Europe,High income,SVN,Slovenia,Both sexes,,2.47917
2012,Europe,High income,SVN,Slovenia,Both sexes,,2.34909
2013,Europe,High income,SVN,Slovenia,Both sexes,,2.22849
2014,Europe,High income,SVN,Slovenia,Both sexes,,2.11863
2015,Europe,High income,SVN,Slovenia,Both sexes,,2.01347
2016,Europe,High income,SVN,Slovenia,Both sexes,,1.91467
2017,Europe,High income,SVN,Slovenia,Both sexes,,1.82298
2018,Europe,High income,SVN,Slovenia,Both sexes,,1.7382
2019,Europe,High income,SVN,Slovenia,Both sexes,,1.66051
1995,Europe,High income,ESP,Spain,Both sexes,,5.55871
1996,Europe,High income,ESP,Spain,Both sexes,,5.22008
1997,Europe,High income,ESP,Spain,Both sexes,,4.93462
1998,Europe,High income,ESP,Spain,Both sexes,,4.7014
1999,Europe,High income,ESP,Spain,Both sexes,,4.51557
2000,Europe,High income,ESP,Spain,Both sexes,,4.36958
2001,Europe,High income,ESP,Spain,Both sexes,,4.25058
2002,Europe,High income,ESP,Spain,Both sexes,,4.14839
2003,Europe,High income,ESP,Spain,Both sexes,,4.04753
2004,Europe,High income,ESP,Spain,Both sexes,,3.93895
2005,Europe,High income,ESP,Spain,Both sexes,,3.81792
2006,Europe,High income,ESP,Spain,Both sexes,,3.68653
2007,Europe,High income,ESP,Spain,Both sexes,,3.55073
2008,Europe,High income,ESP,Spain,Both sexes,,3.41335
2009,Europe,High income,ESP,Spain,Both sexes,,3.28026
2010,Europe,High income,ESP,Spain,Both sexes,,3.15469
2011,Europe,High income,ESP,Spain,Both sexes,,3.04153
2012,Europe,High income,ESP,Spain,Both sexes,,2.94244
2013,Europe,High income,ESP,Spain,Both sexes,,2.86006
2014,Europe,High income,ESP,Spain,Both sexes,,2.7941
2015,Europe,High income,ESP,Spain,Both sexes,,2.74476
2016,Europe,High income,ESP,Spain,Both sexes,,2.70761
2017,Europe,High income,ESP,Spain,Both sexes,,2.67775
2018,Europe,High income,ESP,Spain,Both sexes,,2.6454
2019,Europe,High income,ESP,Spain,Both sexes,,2.60336
1995,Europe,High income,SWE,Sweden,Both sexes,,4.02989
1996,Europe,High income,SWE,Sweden,Both sexes,,3.78255
1997,Europe,High income,SWE,Sweden,Both sexes,,3.61401
1998,Europe,High income,SWE,Sweden,Both sexes,,3.50629
1999,Europe,High income,SWE,Sweden,Both sexes,,3.44151
2000,Europe,High income,SWE,Sweden,Both sexes,,3.39711
2001,Europe,High income,SWE,Sweden,Both sexes,,3.35272
2002,Europe,High income,SWE,Sweden,Both sexes,,3.2919
2003,Europe,High income,SWE,Sweden,Both sexes,,3.20302
2004,Europe,High income,SWE,Sweden,Both sexes,,3.08566
2005,Europe,High income,SWE,Sweden,Both sexes,,2.95745
2006,Europe,High income,SWE,Sweden,Both sexes,,2.83394
2007,Europe,High income,SWE,Sweden,Both sexes,,2.72286
2008,Europe,High income,SWE,Sweden,Both sexes,,2.62929
2009,Europe,High income,SWE,Sweden,Both sexes,,2.55542
2010,Europe,High income,SWE,Sweden,Both sexes,,2.49931
2011,Europe,High income,SWE,Sweden,Both sexes,,2.45796
2012,Europe,High income,SWE,Sweden,Both sexes,,2.42517
2013,Europe,High income,SWE,Sweden,Both sexes,,2.39743
2014,Europe,High income,SWE,Sweden,Both sexes,,2.36955
2015,Europe,High income,SWE,Sweden,Both sexes,,2.33463
2016,Europe,High income,SWE,Sweden,Both sexes,,2.28712
2017,Europe,High income,SWE,Sweden,Both sexes,,2.22817
2018,Europe,High income,SWE,Sweden,Both sexes,,2.15739
2019,Europe,High income,SWE,Sweden,Both sexes,,2.08277
1995,Europe,High income,CHE,Switzerland,Both sexes,,5.23005
1996,Europe,High income,CHE,Switzerland,Both sexes,,5.03849
1997,Europe,High income,CHE,Switzerland,Both sexes,,4.90212
1998,Europe,High income,CHE,Switzerland,Both sexes,,4.80912
1999,Europe,High income,CHE,Switzerland,Both sexes,,4.7438
2000,Europe,High income,CHE,Switzerland,Both sexes,,4.68804
2001,Europe,High income,CHE,Switzerland,Both sexes,,4.62755
2002,Europe,High income,CHE,Switzerland,Both sexes,,4.55408
2003,Europe,High income,CHE,Switzerland,Both sexes,,4.46952
2004,Europe,High income,CHE,Switzerland,Both sexes,,4.38087
2005,Europe,High income,CHE,Switzerland,Both sexes,,4.28788
2006,Europe,High income,CHE,Switzerland,Both sexes,,4.19918
2007,Europe,High income,CHE,Switzerland,Both sexes,,4.1176
2008,Europe,High income,CHE,Switzerland,Both sexes,,4.04501
2009,Europe,High income,CHE,Switzerland,Both sexes,,3.98153
2010,Europe,High income,CHE,Switzerland,Both sexes,,3.92883
2011,Europe,High income,CHE,Switzerland,Both sexes,,3.89101
2012,Europe,High income,CHE,Switzerland,Both sexes,,3.8636
2013,Europe,High income,CHE,Switzerland,Both sexes,,3.84041
2014,Europe,High income,CHE,Switzerland,Both sexes,,3.81412
2015,Europe,High income,CHE,Switzerland,Both sexes,,3.78393
2016,Europe,High income,CHE,Switzerland,Both sexes,,3.74377
2017,Europe,High income,CHE,Switzerland,Both sexes,,3.69502
2018,Europe,High income,CHE,Switzerland,Both sexes,,3.63776
2019,Europe,High income,CHE,Switzerland,Both sexes,,3.5661
1995,Americas,High income,TTO,Trinidad and Tobago,Both sexes,,25.3795
1996,Americas,High income,TTO,Trinidad and Tobago,Both sexes,,25.21952
1997,Americas,High income,TTO,Trinidad and Tobago,Both sexes,,25.13164
1998,Americas,High income,TTO,Trinidad and Tobago,Both sexes,,25.05695
1999,Americas,High income,TTO,Trinidad and Tobago,Both sexes,,24.98088
2000,Americas,High income,TTO,Trinidad and Tobago,Both sexes,,24.90243
2001,Americas,High income,TTO,Trinidad and Tobago,Both sexes,,24.80337
2002,Americas,High income,TTO,Trinidad and Tobago,Both sexes,,24.55987
2003,Americas,High income,TTO,Trinidad and Tobago,Both sexes,,24.21533
2004,Americas,High income,TTO,Trinidad and Tobago,Both sexes,,23.79201
2005,Americas,High income,TTO,Trinidad and Tobago,Both sexes,,23.31654
2006,Americas,High income,TTO,Trinidad and Tobago,Both sexes,,22.74896
2007,Americas,High income,TTO,Trinidad and Tobago,Both sexes,,22.17653
2008,Americas,High income,TTO,Trinidad and Tobago,Both sexes,,21.59799
2009,Americas,High income,TTO,Trinidad and Tobago,Both sexes,,21.02215
2010,Americas,High income,TTO,Trinidad and Tobago,Both sexes,,20.41614
2011,Americas,High income,TTO,Trinidad and Tobago,Both sexes,,19.78767
2012,Americas,High income,TTO,Trinidad and Tobago,Both sexes,,19.18468
2013,Americas,High income,TTO,Trinidad and Tobago,Both sexes,,18.58548
2014,Americas,High income,TTO,Trinidad and Tobago,Both sexes,,18.10454
2015,Americas,High income,TTO,Trinidad and Tobago,Both sexes,,17.5982
2016,Americas,High income,TTO,Trinidad and Tobago,Both sexes,,17.07564
2017,Americas,High income,TTO,Trinidad and Tobago,Both sexes,,16.59033
2018,Americas,High income,TTO,Trinidad and Tobago,Both sexes,,16.12978
2019,Americas,High income,TTO,Trinidad and Tobago,Both sexes,,15.6558
1995,Eastern Mediterranean,High income,ARE,United Arab Emirates,Both sexes,,11.32438
1996,Eastern Mediterranean,High income,ARE,United Arab Emirates,Both sexes,,10.9213
1997,Eastern Mediterranean,High income,ARE,United Arab Emirates,Both sexes,,10.55108
1998,Eastern Mediterranean,High income,ARE,United Arab Emirates,Both sexes,,10.21458
1999,Eastern Mediterranean,High income,ARE,United Arab Emirates,Both sexes,,9.91112
2000,Eastern Mediterranean,High income,ARE,United Arab Emirates,Both sexes,,9.63158
2001,Eastern Mediterranean,High income,ARE,United Arab Emirates,Both sexes,,9.36434
2002,Eastern Mediterranean,High income,ARE,United Arab Emirates,Both sexes,,9.10711
2003,Eastern Mediterranean,High income,ARE,United Arab Emirates,Both sexes,,8.85417
2004,Eastern Mediterranean,High income,ARE,United Arab Emirates,Both sexes,,8.59251
2005,Eastern Mediterranean,High income,ARE,United Arab Emirates,Both sexes,,8.33151
2006,Eastern Mediterranean,High income,ARE,United Arab Emirates,Both sexes,,8.08641
2007,Eastern Mediterranean,High income,ARE,United Arab Emirates,Both sexes,,7.85969
2008,Eastern Mediterranean,High income,ARE,United Arab Emirates,Both sexes,,7.64633
2009,Eastern Mediterranean,High income,ARE,United Arab Emirates,Both sexes,,7.44245
2010,Eastern Mediterranean,High income,ARE,United Arab Emirates,Both sexes,,7.25447
2011,Eastern Mediterranean,High income,ARE,United Arab Emirates,Both sexes,,7.09043
2012,Eastern Mediterranean,High income,ARE,United Arab Emirates,Both sexes,,6.95578
2013,Eastern Mediterranean,High income,ARE,United Arab Emirates,Both sexes,,6.84945
2014,Eastern Mediterranean,High income,ARE,United Arab Emirates,Both sexes,,6.76584
2015,Eastern Mediterranean,High income,ARE,United Arab Emirates,Both sexes,,6.70241
2016,Eastern Mediterranean,High income,ARE,United Arab Emirates,Both sexes,,6.64436
2017,Eastern Mediterranean,High income,ARE,United Arab Emirates,Both sexes,,6.5826
2018,Eastern Mediterranean,High income,ARE,United Arab Emirates,Both sexes,,6.50609
2019,Eastern Mediterranean,High income,ARE,United Arab Emirates,Both sexes,,6.40489
1995,Europe,High income,GBR,United Kingdom of Great Britain and Northern Ireland,Both sexes,,6.10596
1996,Europe,High income,GBR,United Kingdom of Great Britain and Northern Ireland,Both sexes,,5.96705
1997,Europe,High income,GBR,United Kingdom of Great Britain and Northern Ireland,Both sexes,,5.85682
1998,Europe,High income,GBR,United Kingdom of Great Britain and Northern Ireland,Both sexes,,5.75447
1999,Europe,High income,GBR,United Kingdom of Great Britain and Northern Ireland,Both sexes,,5.65911
2000,Europe,High income,GBR,United Kingdom of Great Britain and Northern Ireland,Both sexes,,5.5691
2001,Europe,High income,GBR,United Kingdom of Great Britain and Northern Ireland,Both sexes,,5.48365
2002,Europe,High income,GBR,United Kingdom of Great Britain and Northern Ireland,Both sexes,,5.40106
2003,Europe,High income,GBR,United Kingdom of Great Britain and Northern Ireland,Both sexes,,5.32029
2004,Europe,High income,GBR,United Kingdom of Great Britain and Northern Ireland,Both sexes,,5.23716
2005,Europe,High income,GBR,United Kingdom of Great Britain and Northern Ireland,Both sexes,,5.14526
2006,Europe,High income,GBR,United Kingdom of Great Britain and Northern Ireland,Both sexes,,5.03768
2007,Europe,High income,GBR,United Kingdom of Great Britain and Northern Ireland,Both sexes,,4.90963
2008,Europe,High income,GBR,United Kingdom of Great Britain and Northern Ireland,Both sexes,,4.75844
2009,Europe,High income,GBR,United Kingdom of Great Britain and Northern Ireland,Both sexes,,4.59177
2010,Europe,High income,GBR,United Kingdom of Great Britain and Northern Ireland,Both sexes,,4.41854
2011,Europe,High income,GBR,United Kingdom of Great Britain and Northern Ireland,Both sexes,,4.25033
2012,Europe,High income,GBR,United Kingdom of Great Britain and Northern Ireland,Both sexes,,4.10262
2013,Europe,High income,GBR,United Kingdom of Great Britain and Northern Ireland,Both sexes,,3.98351
2014,Europe,High income,GBR,United Kingdom of Great Britain and Northern Ireland,Both sexes,,3.89221
2015,Europe,High income,GBR,United Kingdom of Great Britain and Northern Ireland,Both sexes,,3.83045
2016,Europe,High income,GBR,United Kingdom of Great Britain and Northern Ireland,Both sexes,,3.7866
2017,Europe,High income,GBR,United Kingdom of Great Britain and Northern Ireland,Both sexes,,3.7516
2018,Europe,High income,GBR,United Kingdom of Great Britain and Northern Ireland,Both sexes,,3.71773
2019,Europe,High income,GBR,United Kingdom of Great Britain and Northern Ireland,Both sexes,,3.67438
1995,Americas,High income,USA,United States of America,Both sexes,,7.92969
1996,Americas,High income,USA,United States of America,Both sexes,,7.70237
1997,Americas,High income,USA,United States of America,Both sexes,,7.5111
1998,Americas,High income,USA,United States of America,Both sexes,,7.3544
1999,Americas,High income,USA,United States of America,Both sexes,,7.22363
2000,Americas,High income,USA,United States of America,Both sexes,,7.11413
2001,Americas,High income,USA,United States of America,Both sexes,,7.02394
2002,Americas,High income,USA,United States of America,Both sexes,,6.94813
2003,Americas,High income,USA,United States of America,Both sexes,,6.88054
2004,Americas,High income,USA,United States of America,Both sexes,,6.81602
2005,Americas,High income,USA,United States of America,Both sexes,,6.74598
2006,Americas,High income,USA,United States of America,Both sexes,,6.66685
2007,Americas,High income,USA,United States of America,Both sexes,,6.57525
2008,Americas,High income,USA,United States of America,Both sexes,,6.47105
2009,Americas,High income,USA,United States of America,Both sexes,,6.35744
2010,Americas,High income,USA,United States of America,Both sexes,,6.24328
2011,Americas,High income,USA,United States of America,Both sexes,,6.13473
2012,Americas,High income,USA,United States of America,Both sexes,,6.03823
2013,Americas,High income,USA,United States of America,Both sexes,,5.95398
2014,Americas,High income,USA,United States of America,Both sexes,,5.88211
2015,Americas,High income,USA,United States of America,Both sexes,,5.81959
2016,Americas,High income,USA,United States of America,Both sexes,,5.765
2017,Americas,High income,USA,United States of America,Both sexes,,5.7113
2018,Americas,High income,USA,United States of America,Both sexes,,5.64362
2019,Americas,High income,USA,United States of America,Both sexes,,5.55743
1995,Americas,High income,URY,Uruguay,Both sexes,,17.93043
1996,Americas,High income,URY,Uruguay,Both sexes,,17.37304
1997,Americas,High income,URY,Uruguay,Both sexes,,16.68818
1998,Americas,High income,URY,Uruguay,Both sexes,,15.97864
1999,Americas,High income,URY,Uruguay,Both sexes,,15.33327
2000,Americas,High income,URY,Uruguay,Both sexes,,14.79382
2001,Americas,High income,URY,Uruguay,Both sexes,,14.40355
2002,Americas,High income,URY,Uruguay,Both sexes,,14.07578
2003,Americas,High income,URY,Uruguay,Both sexes,,13.67198
2004,Americas,High income,URY,Uruguay,Both sexes,,13.11993
2005,Americas,High income,URY,Uruguay,Both sexes,,12.45331
2006,Americas,High income,URY,Uruguay,Both sexes,,11.71627
2007,Americas,High income,URY,Uruguay,Both sexes,,10.9745
2008,Americas,High income,URY,Uruguay,Both sexes,,10.29505
2009,Americas,High income,URY,Uruguay,Both sexes,,9.71972
2010,Americas,High income,URY,Uruguay,Both sexes,,9.25121
2011,Americas,High income,URY,Uruguay,Both sexes,,8.89128
2012,Americas,High income,URY,Uruguay,Both sexes,,8.59345
2013,Americas,High income,URY,Uruguay,Both sexes,,8.30268
2014,Americas,High income,URY,Uruguay,Both sexes,,7.98338
2015,Americas,High income,URY,Uruguay,Both sexes,,7.63161
2016,Americas,High income,URY,Uruguay,Both sexes,,7.24636
2017,Americas,High income,URY,Uruguay,Both sexes,,6.84922
2018,Americas,High income,URY,Uruguay,Both sexes,,6.45148
2019,Americas,High income,URY,Uruguay,Both sexes,,6.06832
