"","","Infant mortality rate (probability of dying between birth and age 1 per 1000 live births)","Infant mortality rate (probability of dying between birth and age 1 per 1000 live births)","Infant mortality rate (probability of dying between birth and age 1 per 1000 live births)","Neonatal mortality rate (per 1000 live births)","Under-five mortality rate (probability of dying by age 5 per 1000 live births)","Under-five mortality rate (probability of dying by age 5 per 1000 live births)","Under-five mortality rate (probability of dying by age 5 per 1000 live births)"
"Country","Year"," Both sexes"," Male"," Female"," Both sexes"," Both sexes"," Male"," Female"
"Afghanistan"," 2019","46.5","49.8","43.1","35.9","60.3","63.8","56.6"
"Afghanistan"," 2017","49.6","52.9","46.1","38","64.9","68.5","61.3"
"Afghanistan"," 2016","51.3","54.7","47.8","39.1","67.6","71.1","63.9"
"Afghanistan"," 2015","53.2","56.6","49.5","40.3","70.4","74","66.7"
"Afghanistan"," 2014","55.2","58.6","51.4","41.6","73.6","77.2","69.8"
"Albania"," 2019","8.6","9.5","7.7","7.5","9.7","10.5","8.8"
"Albania"," 2017","8.4","9.2","7.5","6.7","9.4","10.2","8.6"
"Albania"," 2016","8.4","9.2","7.5","6.3","9.4","10.2","8.6"
"Albania"," 2015","8.5","9.4","7.6","6","9.6","10.3","8.7"
"Albania"," 2014","8.8","9.8","7.8","5.9","9.9","10.8","9"
"Algeria"," 2019","20","21.3","18.6","16.3","23.3","24.6","21.8"
"Algeria"," 2017","20.9","22.2","19.4","15.5","24.3","25.8","22.8"
"Algeria"," 2016","21.3","22.6","19.9","15.1","24.8","26.2","23.3"
"Algeria"," 2015","21.6","22.9","20.2","15","25.2","26.6","23.7"
"Algeria"," 2014","21.9","23.2","20.5","15.6","25.5","26.8","24"
"Andorra"," 2019","2.8","3.1","2.6","1.4","3","3.3","2.6"
"Andorra"," 2017","3.1","3.4","2.8","1.6","3.2","3.5","2.9"
"Andorra"," 2016","3.2","3.5","2.9","1.6","3.4","3.7","3"
"Andorra"," 2015","3.3","3.6","3","1.7","3.5","3.9","3.1"
"Andorra"," 2014","3.5","3.8","3.2","1.8","3.7","4.1","3.3"
"Angola"," 2019","50.2","55.3","44.9","27.6","74.7","80.4","68.7"
"Angola"," 2017","53.5","58.9","48","29","80.6","86.7","74.5"
"Angola"," 2016","55.6","61.1","49.9","29.8","84.2","90.4","77.8"
"Angola"," 2015","57.8","63.6","51.9","30.6","88.2","94.7","81.5"
"Angola"," 2014","60.5","66.4","54.3","31.6","93","99.6","86"
"Antigua and Barbuda"," 2019","5.8","6.2","5.3","3.6","6.6","7.1","6.1"
"Antigua and Barbuda"," 2017","6.2","6.7","5.8","3.9","7.1","7.7","6.5"
"Antigua and Barbuda"," 2016","6.5","7","6","4.1","7.4","8","6.8"
"Antigua and Barbuda"," 2015","6.8","7.3","6.2","4.3","7.8","8.4","7.1"
"Antigua and Barbuda"," 2014","7.1","7.6","6.5","4.5","8.1","8.8","7.4"
"Argentina"," 2019","8.2","9.2","7.3","6.1","9.3","10.3","8.2"
"Argentina"," 2017","9.2","10.2","8.2","6.2","10.3","11.4","9.2"
"Argentina"," 2016","9.7","10.7","8.7","6.4","10.9","12","9.8"
"Argentina"," 2015","10.2","11.2","9.2","6.6","11.5","12.6","10.3"
"Argentina"," 2014","10.8","11.8","9.6","6.9","12.1","13.2","10.8"
"Armenia"," 2019","10.5","11.6","9.4","6.4","11.8","13","10.5"
"Armenia"," 2017","11.6","12.8","10.3","7.1","13","14.3","11.6"
"Armenia"," 2016","12.2","13.5","10.8","7.4","13.7","15.1","12.2"
"Armenia"," 2015","12.8","14.2","11.4","7.8","14.4","15.9","12.8"
"Armenia"," 2014","13.5","14.9","12","8.2","15.1","16.7","13.4"
"Australia"," 2019","3.1","3.3","2.8","2.3","3.6","3.9","3.3"
"Australia"," 2017","3.1","3.4","2.9","2.3","3.7","4","3.4"
"Australia"," 2016","3.2","3.5","2.9","2.3","3.8","4.1","3.4"
"Australia"," 2015","3.3","3.5","3","2.3","3.9","4.2","3.5"
"Australia"," 2014","3.3","3.6","3.1","2.4","4","4.3","3.6"
"Austria"," 2019","2.8","3.1","2.6","2.1","3.5","3.8","3.1"
"Austria"," 2017","2.9","3.2","2.7","2.2","3.6","3.9","3.2"
"Austria"," 2016","3","3.3","2.7","2.2","3.6","4","3.3"
"Austria"," 2015","3","3.3","2.8","2.2","3.7","4.1","3.3"
"Austria"," 2014","3.1","3.4","2.8","2.3","3.8","4.2","3.4"
"Azerbaijan"," 2019","18.2","20.1","16.3","10.9","20.4","22.4","18.3"
"Azerbaijan"," 2017","20.5","22.5","18.3","12.2","23","25.2","20.6"
"Azerbaijan"," 2016","21.8","24","19.6","13.2","24.6","26.9","22.1"
"Azerbaijan"," 2015","23.4","25.7","21","14.2","26.3","28.9","23.7"
"Azerbaijan"," 2014","25","27.4","22.5","15.4","28.3","30.9","25.5"
"Bahamas"," 2019","10.9","11.6","10.1","6.7","12.6","13.5","11.7"
"Bahamas"," 2017","11.4","12.2","10.6","7.1","13.3","14.2","12.3"
"Bahamas"," 2016","11.7","12.5","10.9","7.3","13.6","14.6","12.6"
"Bahamas"," 2015","12","12.8","11.1","7.4","14","14.9","13"
"Bahamas"," 2014","12.3","13.1","11.4","7.5","14.3","15.2","13.2"
"Bahrain"," 2019","5.9","6.1","5.7","2.9","6.9","7.2","6.6"
"Bahrain"," 2017","6.2","6.4","6","3.1","7.3","7.5","7"
"Bahrain"," 2016","6.3","6.5","6.2","3.2","7.4","7.7","7.1"
"Bahrain"," 2015","6.5","6.7","6.3","3.2","7.6","7.8","7.3"
"Bahrain"," 2014","6.6","6.8","6.3","3.2","7.7","8","7.4"
"Bangladesh"," 2019","25.6","27.3","23.8","19.1","30.8","32.9","28.6"
"Bangladesh"," 2017","28","29.8","26.1","20.7","33.9","36.1","31.7"
"Bangladesh"," 2016","29.3","31.1","27.3","21.6","35.7","37.9","33.4"
"Bangladesh"," 2015","30.6","32.6","28.6","22.5","37.5","39.8","35.2"
"Bangladesh"," 2014","32.1","34.1","30","23.5","39.5","41.8","37.1"
"Barbados"," 2019","11.7","12.8","10.6","8.4","12.7","13.8","11.5"
"Barbados"," 2017","12.4","13.5","11.3","8.9","13.4","14.6","12.1"
"Barbados"," 2016","12.7","13.8","11.5","9.1","13.7","14.9","12.4"
"Barbados"," 2015","13","14.2","11.8","9.3","14","15.3","12.7"
"Barbados"," 2014","13.3","14.4","12","9.5","14.3","15.6","13"
"Belarus"," 2019","2.4","2.7","2.1","1.2","3.2","3.6","2.8"
"Belarus"," 2017","2.7","3","2.4","1.4","3.6","4.1","3.2"
"Belarus"," 2016","2.9","3.2","2.5","1.5","3.8","4.3","3.3"
"Belarus"," 2015","3","3.4","2.7","1.6","4","4.5","3.5"
"Belarus"," 2014","3.2","3.6","2.8","1.7","4.3","4.8","3.7"
"Belgium"," 2019","2.7","3.1","2.4","2","3.4","3.8","3"
"Belgium"," 2017","2.9","3.3","2.6","2.1","3.7","4.1","3.2"
"Belgium"," 2016","3.1","3.4","2.7","2.2","3.8","4.2","3.3"
"Belgium"," 2015","3.2","3.6","2.8","2.2","3.9","4.4","3.4"
"Belgium"," 2014","3.3","3.7","2.9","2.2","4.1","4.5","3.6"
"Belize"," 2019","10.6","11.6","9.5","8.1","12.3","13.5","11.1"
"Belize"," 2017","11.8","13","10.6","9.1","13.7","15","12.4"
"Belize"," 2016","12.5","13.7","11.2","9.6","14.5","15.9","13.1"
"Belize"," 2015","13.2","14.5","11.8","10","15.3","16.8","13.8"
"Belize"," 2014","13.9","15.2","12.5","10.3","16.1","17.6","14.5"
"Benin"," 2019","59","64.4","53.3","30.6","90.3","96","84.2"
"Benin"," 2017","61.8","67.4","55.8","31.5","95.1","101.1","88.8"
"Benin"," 2016","63","68.8","56.9","31.9","97.4","103.4","91"
"Benin"," 2015","64.3","70.1","58.1","32.3","99.6","105.8","93"
"Benin"," 2014","65.5","71.4","59.3","32.8","101.8","108","95.3"
"Bhutan"," 2019","23.8","26","21.5","16.6","28.5","31.1","25.7"
"Bhutan"," 2017","25.5","27.8","23.1","17.6","30.6","33.3","27.8"
"Bhutan"," 2016","26.4","28.8","23.9","18.1","31.8","34.6","28.9"
"Bhutan"," 2015","27.4","29.8","24.8","18.7","33.1","36","30.1"
"Bhutan"," 2014","28.5","31","25.8","19.2","34.6","37.5","31.4"
"Bolivia (Plurinational State of)"," 2019","21.2","23.3","18.9","14.6","26","28.5","23.3"
"Bolivia (Plurinational State of)"," 2017","22.9","25.3","20.4","15.8","28.2","30.9","25.4"
"Bolivia (Plurinational State of)"," 2016","23.9","26.3","21.4","16.5","29.5","32.2","26.6"
"Bolivia (Plurinational State of)"," 2015","25.1","27.6","22.4","17.1","31","33.8","28"
"Bolivia (Plurinational State of)"," 2014","26.4","29","23.6","17.7","32.7","35.7","29.5"
"Bosnia and Herzegovina"," 2019","5.1","5.5","4.6","4.2","5.9","6.4","5.3"
"Bosnia and Herzegovina"," 2017","5.3","5.7","4.8","4.4","6.1","6.7","5.5"
"Bosnia and Herzegovina"," 2016","5.3","5.8","4.8","4.5","6.2","6.8","5.6"
"Bosnia and Herzegovina"," 2015","5.4","5.9","4.9","4.6","6.3","6.9","5.6"
"Bosnia and Herzegovina"," 2014","5.5","6","5","4.7","6.4","7","5.7"
"Botswana"," 2019","32.3","35.3","29.1","17.9","41.6","45.1","38"
"Botswana"," 2017","32.5","35.6","29.3","17.8","43.8","47.2","40.1"
"Botswana"," 2016","33","36.1","29.8","17.5","43.6","47.2","39.9"
"Botswana"," 2015","32.1","35.1","28.9","17","41.2","44.7","37.5"
"Botswana"," 2014","31","33.9","27.9","16.2","38.8","42.2","35.2"
"Brazil"," 2019","12.4","13.9","10.9","7.9","13.9","15.5","12.3"
"Brazil"," 2017","13.2","14.8","11.6","8.5","14.8","16.5","13"
"Brazil"," 2016","14.6","16.2","12.9","9.6","16.4","18.1","14.5"
"Brazil"," 2015","14","15.7","12.3","9.4","15.7","17.5","13.8"
"Brazil"," 2014","14.5","16.2","12.7","9.7","16.2","18.1","14.2"
"Brunei Darussalam"," 2019","9.6","10.5","8.6","6","11.4","12.6","10.2"
"Brunei Darussalam"," 2017","9.2","10.1","8.3","5.6","11","12.1","9.9"
"Brunei Darussalam"," 2016","9","9.8","8.1","5.4","10.8","11.8","9.7"
"Brunei Darussalam"," 2015","8.8","9.6","7.9","5.2","10.6","11.6","9.5"
"Brunei Darussalam"," 2014","8.6","9.4","7.7","5","10.4","11.4","9.3"
"Bulgaria"," 2019","5.6","6.2","5","3.3","6.7","7.4","6.1"
"Bulgaria"," 2017","6.2","6.8","5.5","3.7","7.4","8.1","6.6"
"Bulgaria"," 2016","6.5","7.1","5.8","3.8","7.7","8.4","6.9"
"Bulgaria"," 2015","6.8","7.5","6.1","4","8.1","8.9","7.3"
"Bulgaria"," 2014","7.2","8","6.4","4.2","8.6","9.5","7.7"
"Burkina Faso"," 2019","53.9","58.7","49.1","25.9","87.5","92.2","82.7"
"Burkina Faso"," 2017","56.7","61.5","51.5","27","93.9","98.5","88.8"
"Burkina Faso"," 2016","58","62.9","52.8","27.5","97","101.9","92"
"Burkina Faso"," 2015","59.5","64.6","54.2","28","100.7","105.6","95.5"
"Burkina Faso"," 2014","61.1","66.3","55.7","28.5","104.4","109.4","99.2"
"Burundi"," 2019","39.9","44","35.5","21","56.5","61.2","51.7"
"Burundi"," 2017","42.6","47.1","37.9","22","61.3","66","56.3"
"Burundi"," 2016","44.2","48.8","39.3","22.6","64.1","68.9","59"
"Burundi"," 2015","45.9","50.7","40.9","23.3","67.2","72.3","61.9"
"Burundi"," 2014","48","53","42.8","24","70.9","76.1","65.5"
"Cabo Verde"," 2019","12.8","14","11.5","9","14.9","16.3","13.4"
"Cabo Verde"," 2017","14.5","15.8","13","10.2","16.8","18.4","15.2"
"Cabo Verde"," 2016","15.5","17","14","10.9","18.1","19.8","16.3"
"Cabo Verde"," 2015","16.7","18.3","15","11.7","19.5","21.4","17.6"
"Cabo Verde"," 2014","17.9","19.6","16.1","12.6","21","23","19"
"Cambodia"," 2019","22.8","25.5","20","14.5","26.6","29.6","23.4"
"Cambodia"," 2017","24.8","27.6","21.7","15.7","28.8","32","25.4"
"Cambodia"," 2016","25.9","28.9","22.7","16.3","30.1","33.5","26.5"
"Cambodia"," 2015","27.2","30.2","23.9","16.9","31.6","35.1","28"
"Cambodia"," 2014","28.6","31.8","25.1","17.5","33.3","37","29.4"
"Cameroon"," 2019","50.2","55.2","44.8","26.1","74.8","80.5","68.7"
"Cameroon"," 2017","53.4","58.7","47.8","27.4","80.8","86.8","74.5"
"Cameroon"," 2016","55.4","60.9","49.7","28","84.5","90.7","78"
"Cameroon"," 2015","57.3","63","51.4","28.6","88.5","94.8","81.8"
"Cameroon"," 2014","59.8","65.7","53.7","29.2","92.9","99.5","86"
"Canada"," 2019","4.2","4.5","3.9","3.3","4.9","5.2","4.5"
"Canada"," 2017","4.4","4.7","4.1","3.4","5.1","5.4","4.7"
"Canada"," 2016","4.5","4.8","4.2","3.5","5.2","5.5","4.8"
"Canada"," 2015","4.6","4.9","4.3","3.5","5.3","5.7","4.9"
"Canada"," 2014","4.7","5","4.3","3.6","5.4","5.8","5"
"Central African Republic"," 2019","81","87.5","74.3","39.7","110.1","116.2","103.7"
"Central African Republic"," 2017","85.5","92.1","78.5","41.4","117.5","123.8","110.8"
"Central African Republic"," 2016","87.4","94.1","80.2","42.1","121.6","127.8","114.8"
"Central African Republic"," 2015","89.7","96.6","82.5","42.9","126.7","133.1","120"
"Central African Republic"," 2014","92.1","99.2","84.7","43.7","131.4","137.8","124.5"
"Chad"," 2019","69.1","75.3","62.5","33.3","113.8","120.3","106.9"
"Chad"," 2017","72.6","79","65.8","34.5","121.5","128.3","114.5"
"Chad"," 2016","74.4","80.9","67.4","35","125.6","132.5","118.3"
"Chad"," 2015","76.1","82.8","69","35.6","129.4","136.5","122"
"Chad"," 2014","77.7","84.5","70.5","36.1","133.1","140.2","125.6"
"Chile"," 2019","6","6.4","5.5","4.6","7","7.5","6.4"
"Chile"," 2017","6.4","6.9","5.8","4.9","7.4","8","6.8"
"Chile"," 2016","6.6","7.1","6","5","7.7","8.3","7"
"Chile"," 2015","6.7","7.3","6.1","5.1","7.9","8.6","7.2"
"Chile"," 2014","6.9","7.5","6.3","5.2","8.1","8.8","7.4"
"China"," 2019","6.8","7.2","6.3","3.9","7.9","8.4","7.4"
"China"," 2017","7.9","8.4","7.3","4.5","9.2","9.7","8.6"
"China"," 2016","8.5","9","7.9","4.9","9.9","10.5","9.3"
"China"," 2015","9.2","9.8","8.6","5.4","10.7","11.4","10"
"China"," 2014","9.9","10.6","9.2","5.9","11.6","12.3","10.8"
"Colombia"," 2019","11.8","13.1","10.5","7.5","13.8","15.2","12.2"
"Colombia"," 2017","12.6","14","11.1","8","14.7","16.2","13"
"Colombia"," 2016","13","14.5","11.5","8.2","15.1","16.8","13.4"
"Colombia"," 2015","13.4","15","11.9","8.5","15.6","17.3","13.8"
"Colombia"," 2014","13.9","15.4","12.2","8.8","16.1","17.9","14.3"
"Comoros"," 2019","48.3","52.8","43.7","29.8","62.9","68","57.7"
"Comoros"," 2017","51.2","55.7","46.4","31.3","67.3","72.4","61.8"
"Comoros"," 2016","52.6","57.2","47.7","31.9","69.5","74.8","64"
"Comoros"," 2015","54.1","58.9","49","32.6","71.9","77.2","66.2"
"Comoros"," 2014","55.6","60.5","50.4","33.5","74.3","79.8","68.5"
"Congo"," 2019","34.9","38.4","31.2","19.3","47.8","51.9","43.7"
"Congo"," 2017","36.6","40.3","32.8","20.1","50.9","55.1","46.5"
"Congo"," 2016","37.6","41.3","33.7","20.5","52.6","56.7","48.1"
"Congo"," 2015","38.5","42.3","34.6","20.9","54.2","58.5","49.6"
"Congo"," 2014","39.5","43.3","35.5","21.2","55.9","60.3","51.4"
"Cook Islands"," 2019","6.5","7.2","5.8","4.1","7.6","7.9","7.3"
"Cook Islands"," 2017","7","7.7","6.1","4.4","8.1","8.5","7.7"
"Cook Islands"," 2016","7.2","8","6.4","4.6","8.4","8.8","8"
"Cook Islands"," 2015","7.5","8.3","6.6","4.8","8.7","9.2","8.3"
"Cook Islands"," 2014","7.8","8.6","6.8","4.9","9.1","9.5","8.6"
"Costa Rica"," 2019","7.5","8","7","6.2","8.6","9.2","8"
"Costa Rica"," 2017","7.5","8","7","6.2","8.8","9.4","8.1"
"Costa Rica"," 2016","7.5","8","7","6.2","8.9","9.5","8.2"
"Costa Rica"," 2015","7.7","8.2","7.1","6.2","9","9.7","8.3"
"Costa Rica"," 2014","7.9","8.5","7.3","6.3","9.3","10","8.5"
"Côte d'Ivoire"," 2019","58.6","65.3","51.5","33","79.3","87.1","71.1"
"Côte d'Ivoire"," 2017","62.2","69.3","54.8","34.3","85.3","93.6","76.6"
"Côte d'Ivoire"," 2016","63.9","71.1","56.3","34.9","88","96.4","79.1"
"Côte d'Ivoire"," 2015","65.3","72.8","57.5","35.6","90.6","99.2","81.5"
"Côte d'Ivoire"," 2014","67","74.6","59","36.2","93.6","102.4","84.3"
"Croatia"," 2019","4.1","4.4","3.7","2.9","4.8","5.2","4.3"
"Croatia"," 2017","4.1","4.5","3.8","3","4.9","5.3","4.4"
"Croatia"," 2016","4.2","4.5","3.8","3","4.9","5.3","4.4"
"Croatia"," 2015","4.2","4.6","3.8","3.1","4.9","5.4","4.5"
"Croatia"," 2014","4.2","4.6","3.9","3.2","5","5.4","4.5"
"Cuba"," 2019","3.8","4.2","3.4","2.2","5.1","5.6","4.6"
"Cuba"," 2017","4","4.4","3.6","2.2","5.3","5.9","4.8"
"Cuba"," 2016","4.1","4.5","3.6","2.3","5.5","6","4.9"
"Cuba"," 2015","4.2","4.6","3.7","2.4","5.6","6.1","5"
"Cuba"," 2014","4.3","4.8","3.8","2.4","5.7","6.3","5.1"
"Cyprus"," 2019","1.8","2","1.7","1.3","2.3","2.5","2.1"
"Cyprus"," 2017","2","2.2","1.8","1.4","2.5","2.7","2.3"
"Cyprus"," 2016","2.1","2.3","1.9","1.5","2.6","2.8","2.4"
"Cyprus"," 2015","2.2","2.4","2","1.6","2.7","3","2.5"
"Cyprus"," 2014","2.3","2.5","2.1","1.7","2.9","3.1","2.6"
"Czechia"," 2019","2.5","2.8","2.2","1.6","3.2","3.5","2.8"
"Czechia"," 2017","2.5","2.8","2.2","1.6","3.2","3.5","2.8"
"Czechia"," 2016","2.5","2.8","2.2","1.6","3.2","3.5","2.8"
"Czechia"," 2015","2.5","2.8","2.2","1.6","3.2","3.5","2.8"
"Czechia"," 2014","2.5","2.8","2.2","1.6","3.1","3.5","2.8"
"Democratic People's Republic of Korea"," 2019","13.1","14.4","11.6","9.5","17.3","19.1","15.4"
"Democratic People's Republic of Korea"," 2017","14.4","15.9","12.7","10.5","19","21","17"
"Democratic People's Republic of Korea"," 2016","15.1","16.7","13.4","11","20","22.1","17.8"
"Democratic People's Republic of Korea"," 2015","16","17.7","14.1","11.6","21.1","23.3","18.8"
"Democratic People's Republic of Korea"," 2014","17","18.8","15.1","12.3","22.4","24.7","20"
"Democratic Republic of the Congo"," 2019","66.1","72","59.9","27.4","84.8","91.3","77.9"
"Democratic Republic of the Congo"," 2017","69.8","76","63.4","28.5","90.8","97.4","83.6"
"Democratic Republic of the Congo"," 2016","71.8","78.1","65.1","29","93.9","100.8","86.6"
"Democratic Republic of the Congo"," 2015","73.8","80.2","66.9","29.6","97.2","104.2","89.7"
"Democratic Republic of the Congo"," 2014","75.7","82.2","68.8","30.1","100.4","107.5","92.9"
"Denmark"," 2019","3.2","3.7","2.8","3","3.8","4.3","3.2"
"Denmark"," 2017","3.4","3.9","3","3.2","4","4.5","3.4"
"Denmark"," 2016","3.5","3.9","3","3.2","4.1","4.6","3.5"
"Denmark"," 2015","3.5","3.9","3","3.3","4.1","4.6","3.5"
"Denmark"," 2014","3.5","3.9","3","3.2","4.1","4.6","3.5"
"Djibouti"," 2019","48.4","52.6","44","30.5","57.5","62.3","52.4"
"Djibouti"," 2017","51.3","55.6","46.5","32","61.3","66.2","55.9"
"Djibouti"," 2016","52.7","57.2","48","32.7","63.2","68.4","57.8"
"Djibouti"," 2015","54.3","58.9","49.4","33.5","65.3","70.7","59.7"
"Djibouti"," 2014","55.9","60.5","50.8","34.2","67.5","72.9","61.7"
"Dominica"," 2019","30.9","33.3","28.5","28.1","34.7","39.2","33.6"
"Dominica"," 2017","29.4","31.7","27.1","26.4","33.2","36.5","31.2"
"Dominica"," 2016","28.4","30.6","26.2","25.5","32.1","35.1","29.9"
"Dominica"," 2015","27.3","29.3","25.1","24.6","30.9","33.5","28.6"
"Dominica"," 2014","26.1","28.1","24","23.7","29.6","32","27.3"
"Dominican Republic"," 2019","23.5","25.6","21.2","19.4","28","30.6","25.2"
"Dominican Republic"," 2017","24.8","27.1","22.3","20.5","29.7","32.4","26.8"
"Dominican Republic"," 2016","25.4","27.7","22.9","21","30.5","33.3","27.5"
"Dominican Republic"," 2015","26","28.4","23.5","21.4","31.3","34.1","28.3"
"Dominican Republic"," 2014","26.6","29","24","21.8","32.1","34.9","29"
"Ecuador"," 2019","12","13.5","10.5","7.1","14","15.5","12.3"
"Ecuador"," 2017","12.5","14","10.9","7.5","14.5","16.1","12.8"
"Ecuador"," 2016","12.7","14.2","11.1","7.7","14.8","16.4","13"
"Ecuador"," 2015","13","14.6","11.4","7.9","15.1","16.8","13.3"
"Ecuador"," 2014","13.4","15","11.7","8.1","15.5","17.3","13.7"
"Egypt"," 2019","17.3","18.5","16.1","11.1","20.3","21.5","19"
"Egypt"," 2017","18.5","19.8","17.2","12","21.7","23","20.4"
"Egypt"," 2016","19.2","20.4","17.8","12.4","22.6","23.9","21.1"
"Egypt"," 2015","19.9","21.2","18.5","12.8","23.4","24.7","22"
"Egypt"," 2014","20.6","21.9","19.2","13.4","24.3","25.7","22.9"
"El Salvador"," 2019","11.4","12.6","10.2","6.6","13.3","14.6","11.9"
"El Salvador"," 2017","12.2","13.5","10.9","7","14.2","15.7","12.7"
"El Salvador"," 2016","12.7","14","11.3","7.3","14.7","16.2","13.2"
"El Salvador"," 2015","13.2","14.5","11.8","7.6","15.3","16.9","13.7"
"El Salvador"," 2014","13.7","15.1","12.2","7.9","15.9","17.6","14.2"
"Equatorial Guinea"," 2019","60.4","66","54.7","29","81.8","87.8","75.8"
"Equatorial Guinea"," 2017","64.1","69.9","58.1","30.3","87.7","93.7","81.2"
"Equatorial Guinea"," 2016","66.1","72.1","59.8","30.9","90.8","97.1","84.1"
"Equatorial Guinea"," 2015","68.1","74.3","61.7","31.6","94","100.4","87.2"
"Equatorial Guinea"," 2014","70.3","76.4","63.7","32.2","97.4","103.9","90.5"
"Eritrea"," 2019","30.5","34.7","26","17.8","40.5","45.6","35.2"
"Eritrea"," 2017","32.2","36.6","27.4","18.6","43.3","48.5","37.8"
"Eritrea"," 2016","33.1","37.6","28.2","19","44.8","50.1","39.1"
"Eritrea"," 2015","34","38.7","29","19.4","46.3","51.8","40.5"
"Eritrea"," 2014","34.9","39.8","29.8","19.8","47.9","53.5","41.9"
"Estonia"," 2019","1.9","2","1.7","1.1","2.4","2.6","2.2"
"Estonia"," 2017","2.1","2.3","1.9","1.2","2.7","3","2.5"
"Estonia"," 2016","2.3","2.5","2.1","1.3","2.9","3.2","2.6"
"Estonia"," 2015","2.5","2.7","2.2","1.4","3.1","3.5","2.8"
"Estonia"," 2014","2.6","2.9","2.4","1.5","3.4","3.7","3"
"Eswatini"," 2019","38.6","42.6","34.4","18.4","49.4","53.8","44.7"
"Eswatini"," 2017","44.8","49.3","40.1","19.1","62.3","67.1","57.4"
"Eswatini"," 2016","44","48.5","39.3","19.4","58.9","63.7","53.9"
"Eswatini"," 2015","45.9","50.4","41","19.6","59.2","64.1","54"
"Eswatini"," 2014","52.1","57.1","46.8","19.9","66.9","72.2","61.3"
"Ethiopia"," 2019","36.5","41.5","31.4","27.6","50.7","56.2","44.9"
"Ethiopia"," 2017","39.5","44.8","34","29.6","55.8","61.8","49.7"
"Ethiopia"," 2016","41.2","46.8","35.5","30.6","58.9","65","52.4"
"Ethiopia"," 2015","43.1","48.9","37.1","31.8","62.2","68.6","55.6"
"Ethiopia"," 2014","45.1","51.1","38.8","32.9","65.8","72.3","58.9"
"Fiji"," 2019","21.7","23.6","19.7","10.8","25.7","27.9","23.4"
"Fiji"," 2017","21.3","23.1","19.3","10.5","25.2","27.3","23"
"Fiji"," 2016","20.9","22.7","19","10.2","24.7","26.8","22.6"
"Fiji"," 2015","20.6","22.3","18.7","9.9","24.3","26.3","22.2"
"Fiji"," 2014","20.3","22","18.5","9.7","24","25.9","21.9"
"Finland"," 2019","1.9","2.1","1.8","1.4","2.4","2.6","2.2"
"Finland"," 2017","2","2.1","1.8","1.4","2.4","2.6","2.2"
"Finland"," 2016","2","2.2","1.8","1.4","2.4","2.7","2.2"
"Finland"," 2015","2","2.2","1.8","1.4","2.5","2.7","2.2"
"Finland"," 2014","2.1","2.3","1.9","1.4","2.6","2.8","2.3"
"France"," 2019","3.8","4.1","3.4","2.7","4.5","4.9","4"
"France"," 2017","3.6","3.9","3.2","2.5","4.3","4.7","3.8"
"France"," 2016","3.5","3.8","3.2","2.4","4.2","4.6","3.8"
"France"," 2015","3.5","3.8","3.1","2.4","4.1","4.5","3.7"
"France"," 2014","3.5","3.8","3.1","2.4","4.1","4.5","3.7"
"Gabon"," 2019","31.1","34.7","27.4","20.2","42.5","46.6","38.2"
"Gabon"," 2017","33.4","37.2","29.4","21.2","45.1","49.4","40.6"
"Gabon"," 2016","34.3","38.1","30.2","21.7","47","51.4","42.3"
"Gabon"," 2015","35.8","39.7","31.6","22.2","49.8","54.3","45.1"
"Gabon"," 2014","36.9","41","32.5","22.7","52.3","56.9","47.4"
"Gambia"," 2019","35.9","39.9","31.7","27.1","51.7","56.4","46.9"
"Gambia"," 2017","37.8","42","33.3","28.5","55.7","60.5","50.6"
"Gambia"," 2016","38.8","43","34.2","29.2","57.8","62.7","52.6"
"Gambia"," 2015","39.8","44.2","35.1","29.9","60","65","54.7"
"Gambia"," 2014","40.8","45.3","36.1","30.5","62.3","67.4","57"
"Georgia"," 2019","8.5","9.5","7.5","4.9","9.6","10.6","8.5"
"Georgia"," 2017","8.9","9.9","7.8","5.6","10","11.1","8.8"
"Georgia"," 2016","9.1","10.2","8","6.1","10.2","11.4","9"
"Georgia"," 2015","9.4","10.5","8.2","6.7","10.5","11.7","9.2"
"Georgia"," 2014","9.7","10.9","8.5","7.3","10.9","12.2","9.6"
"Germany"," 2019","3.2","3.5","2.9","2.3","3.8","4.1","3.5"
"Germany"," 2017","3.3","3.5","3","2.3","3.9","4.2","3.5"
"Germany"," 2016","3.3","3.6","3","2.3","3.9","4.2","3.6"
"Germany"," 2015","3.3","3.6","3","2.3","3.9","4.2","3.6"
"Germany"," 2014","3.3","3.6","3","2.3","3.9","4.3","3.6"
"Ghana"," 2019","33.9","37.5","30","23.1","46.2","50.7","41.4"
"Ghana"," 2017","36.1","40","32.1","24.4","50","54.8","44.9"
"Ghana"," 2016","37.4","41.4","33.2","25.1","52.2","57.2","47"
"Ghana"," 2015","38.8","42.8","34.4","25.8","54.6","59.6","49.2"
"Ghana"," 2014","40.2","44.5","35.8","26.6","57.1","62.3","51.6"
"Greece"," 2019","3.3","3.6","3","2.3","3.8","4","3.4"
"Greece"," 2017","3.7","4","3.4","2.6","4.3","4.6","3.9"
"Greece"," 2016","3.9","4.2","3.5","2.6","4.4","4.7","4"
"Greece"," 2015","3.9","4.2","3.6","2.7","4.4","4.7","4"
"Greece"," 2014","3.8","4.1","3.5","2.6","4.3","4.6","4"
"Grenada"," 2019","14.7","15.8","13.5","11","16.5","17.9","15.1"
"Grenada"," 2017","14.7","15.8","13.5","11","16.6","17.9","15.2"
"Grenada"," 2016","14.5","15.6","13.3","10.9","16.4","17.7","15.1"
"Grenada"," 2015","14.2","15.3","13.1","10.7","16.2","17.5","14.9"
"Grenada"," 2014","14","15.1","12.9","10.4","16","17.2","14.7"
"Guatemala"," 2019","20.7","23","18.3","12.2","24.5","27.1","21.8"
"Guatemala"," 2017","22.1","24.6","19.5","13","26.2","29","23.4"
"Guatemala"," 2016","22.9","25.4","20.2","13.5","27.2","30","24.3"
"Guatemala"," 2015","23.7","26.3","21","14","28.3","31.2","25.3"
"Guatemala"," 2014","24.6","27.2","21.8","14.5","29.4","32.4","26.3"
"Guinea"," 2019","63.8","69.7","57.7","30.4","98.8","104.6","92.7"
"Guinea"," 2017","66.3","72.3","60","31.1","103.2","109.2","97"
"Guinea"," 2016","67.4","73.6","61","31.4","105.2","111.3","98.8"
"Guinea"," 2015","68.7","74.9","62.2","31.9","107.9","114","101.4"
"Guinea"," 2014","69.8","76.1","63.1","32.4","109.8","116","103.2"
"Guinea-Bissau"," 2019","52.3","57.6","46.7","35.1","78.5","84.5","72.3"
"Guinea-Bissau"," 2017","55.6","61.2","49.6","36.7","84.2","90.5","77.7"
"Guinea-Bissau"," 2016","57.3","63","51.3","37.5","87.3","93.6","80.5"
"Guinea-Bissau"," 2015","59.2","65.1","52.9","38.5","90.7","97.3","83.7"
"Guinea-Bissau"," 2014","61.2","67.3","54.7","39.5","94.1","100.9","87"
"Guyana"," 2019","24.4","27.6","21.1","18.6","29.3","32.9","25.3"
"Guyana"," 2017","25.9","29.2","22.5","19.6","31.2","35.1","27.1"
"Guyana"," 2016","26.7","30","23.1","20","32.2","36.1","28"
"Guyana"," 2015","27.4","30.8","23.8","20.5","33.1","37.2","28.8"
"Guyana"," 2014","28.1","31.6","24.4","20.9","34.1","38.2","29.7"
"Haiti"," 2019","48.2","52.9","43.2","25.3","62.8","68","57.2"
"Haiti"," 2017","50.7","55.6","45.5","26.3","66.6","72.1","60.8"
"Haiti"," 2016","51.9","57","46.6","26.7","68.5","74.1","62.6"
"Haiti"," 2015","53.2","58.3","47.7","27.1","70.5","76.2","64.4"
"Haiti"," 2014","54.3","59.6","48.8","27.6","72.3","78.2","66.2"
"Honduras"," 2019","14.5","16","12.8","9.2","16.8","18.6","14.9"
"Honduras"," 2017","15.4","17.1","13.6","9.8","17.9","19.9","15.9"
"Honduras"," 2016","15.9","17.7","14.1","10.1","18.6","20.6","16.5"
"Honduras"," 2015","16.5","18.3","14.6","10.5","19.3","21.3","17.1"
"Honduras"," 2014","17.1","19","15.1","10.9","20","22.1","17.7"
"Hungary"," 2019","3","3.3","2.8","2","3.7","4","3.4"
"Hungary"," 2017","3.6","3.9","3.3","2.3","4.4","4.7","4"
"Hungary"," 2016","4","4.3","3.6","2.5","4.7","5.1","4.4"
"Hungary"," 2015","4.3","4.6","3.9","2.7","5.1","5.5","4.7"
"Hungary"," 2014","4.5","4.9","4.2","2.9","5.4","5.8","5"
"Iceland"," 2019","1.6","1.7","1.4","1","2","2.1","1.8"
"Iceland"," 2017","1.7","1.8","1.5","1.1","2.1","2.3","1.9"
"Iceland"," 2016","1.7","1.8","1.6","1.1","2.2","2.3","2"
"Iceland"," 2015","1.8","1.9","1.6","1.1","2.2","2.4","2.1"
"Iceland"," 2014","1.8","2","1.7","1.2","2.3","2.5","2.1"
"India"," 2019","28.3","28.3","28.2","21.7","34.3","33.7","34.9"
"India"," 2017","31.4","31.3","31.4","23.7","38.5","37.6","39.5"
"India"," 2016","33.1","32.9","33.3","24.7","40.9","39.8","42.1"
"India"," 2015","34.9","34.7","35.2","25.9","43.5","42.1","45"
"India"," 2014","36.9","36.5","37.2","27.1","46.2","44.6","47.9"
"Indonesia"," 2019","20.2","22.5","17.9","12.4","23.9","26.4","21.2"
"Indonesia"," 2017","21.7","24.1","19.2","13.4","25.7","28.4","22.9"
"Indonesia"," 2016","22.5","24.9","19.9","13.9","26.7","29.5","23.8"
"Indonesia"," 2015","23.3","25.8","20.6","14.5","27.8","30.7","24.8"
"Indonesia"," 2014","24.2","26.8","21.4","15.2","28.9","31.9","25.8"
"Iran (Islamic Republic of)"," 2019","12","12.6","11.3","8.6","13.9","14.5","13.3"
"Iran (Islamic Republic of)"," 2017","12.9","13.5","12.2","9.2","14.9","15.6","14.3"
"Iran (Islamic Republic of)"," 2016","13.3","14","12.6","9.6","15.5","16.1","14.8"
"Iran (Islamic Republic of)"," 2015","13.8","14.5","13.1","10","16.1","16.7","15.3"
"Iran (Islamic Republic of)"," 2014","14.3","15.1","13.6","10.3","16.7","17.4","15.9"
"Iraq"," 2019","21.8","23.9","19.6","15.3","25.9","28.4","23.3"
"Iraq"," 2017","23.2","25.4","20.8","16.3","27.7","30.3","24.9"
"Iraq"," 2016","23.9","26.2","21.5","16.9","28.6","31.3","25.7"
"Iraq"," 2015","24.6","27","22.2","17.4","29.5","32.3","26.6"
"Iraq"," 2014","25.4","27.8","22.8","17.9","30.5","33.3","27.5"
"Ireland"," 2019","2.8","3.1","2.6","2.1","3.3","3.6","3"
"Ireland"," 2017","3","3.3","2.8","2.3","3.5","3.8","3.2"
"Ireland"," 2016","3.1","3.4","2.8","2.3","3.6","3.9","3.3"
"Ireland"," 2015","3.2","3.5","2.9","2.4","3.7","4","3.4"
"Ireland"," 2014","3.3","3.5","3","2.5","3.8","4.1","3.5"
"Israel"," 2019","3","3.2","2.7","1.9","3.7","3.9","3.4"
"Israel"," 2017","3.1","3.3","2.8","2","3.8","4.1","3.5"
"Israel"," 2016","3.1","3.3","2.9","2","3.8","4.1","3.6"
"Israel"," 2015","3.2","3.4","2.9","2.1","3.9","4.2","3.6"
"Israel"," 2014","3.2","3.5","3","2.1","4","4.3","3.7"
"Italy"," 2019","2.7","2.9","2.5","1.9","3.1","3.4","2.9"
"Italy"," 2017","2.8","3","2.6","2","3.3","3.6","3"
"Italy"," 2016","2.9","3.1","2.6","2.1","3.4","3.6","3.1"
"Italy"," 2015","3","3.2","2.7","2.1","3.5","3.7","3.2"
"Italy"," 2014","3","3.3","2.8","2.2","3.6","3.8","3.3"
"Jamaica"," 2019","11.9","13.3","10.5","9.8","13.9","15.5","12.2"
"Jamaica"," 2017","12.7","14.2","11.1","10.5","14.7","16.5","12.9"
"Jamaica"," 2016","13.1","14.6","11.4","10.9","15.2","17","13.3"
"Jamaica"," 2015","13.4","15","11.8","11.2","15.6","17.4","13.7"
"Jamaica"," 2014","13.9","15.5","12.2","11.6","16.2","18","14.1"
"Japan"," 2019","1.8","1.9","1.7","0.8","2.5","2.6","2.3"
"Japan"," 2017","1.9","2","1.8","0.9","2.6","2.7","2.5"
"Japan"," 2016","2","2","1.9","0.9","2.7","2.8","2.5"
"Japan"," 2015","2","2.1","1.9","0.9","2.8","2.9","2.6"
"Japan"," 2014","2.1","2.2","2","0.9","2.8","3","2.7"
"Jordan"," 2019","13.4","14.6","12.2","9.2","15.6","16.9","14.2"
"Jordan"," 2017","14.2","15.5","12.9","9.8","16.6","18","15.1"
"Jordan"," 2016","14.7","16","13.3","10","17.1","18.6","15.5"
"Jordan"," 2015","15.1","16.5","13.7","10.4","17.6","19.1","16"
"Jordan"," 2014","15.5","16.9","14.1","10.7","18.1","19.7","16.5"
"Kazakhstan"," 2019","9.3","10.5","8.1","4.7","10.5","11.7","9.1"
"Kazakhstan"," 2017","9.3","10.5","8.1","4.8","10.5","11.8","9.1"
"Kazakhstan"," 2016","9.8","11","8.5","5.1","11","12.4","9.5"
"Kazakhstan"," 2015","10.5","11.9","9.1","5.6","11.8","13.3","10.3"
"Kazakhstan"," 2014","11.6","13.2","10","6.3","13","14.7","11.3"
"Kenya"," 2019","31.9","34.9","28.5","21","43.2","46.8","39.2"
"Kenya"," 2017","33.9","37.2","30.5","21.9","46.4","50.3","42.4"
"Kenya"," 2016","34.5","37.9","30.9","22.3","47.8","51.8","43.7"
"Kenya"," 2015","35.3","38.7","31.7","22.7","49.6","53.6","45.4"
"Kenya"," 2014","36.5","40.1","32.8","23.1","51.3","55.4","46.9"
"Kiribati"," 2019","40.1","44.1","35.9","22.1","50.9","55.5","46.1"
"Kiribati"," 2017","42.3","46.5","38","23","54.1","58.8","49.2"
"Kiribati"," 2016","43.5","47.8","38.9","23.4","55.8","60.5","50.7"
"Kiribati"," 2015","44.6","48.9","39.9","23.8","57.4","62.2","52.3"
"Kiribati"," 2014","45.6","50","40.9","24.3","58.9","63.7","53.8"
"Kuwait"," 2019","6.8","7.4","6.1","4.5","7.9","8.6","7.2"
"Kuwait"," 2017","7.1","7.7","6.4","4.7","8.3","9","7.5"
"Kuwait"," 2016","7.3","7.9","6.6","4.8","8.5","9.2","7.7"
"Kuwait"," 2015","7.5","8.1","6.8","4.9","8.7","9.5","7.9"
"Kuwait"," 2014","7.7","8.3","7","5","9","9.7","8.1"
"Kyrgyzstan"," 2019","16.4","18.2","14.5","12.3","18.3","20.3","16.2"
"Kyrgyzstan"," 2017","18","20","15.9","13.4","20.1","22.4","17.8"
"Kyrgyzstan"," 2016","18.9","21","16.7","14.1","21.2","23.5","18.8"
"Kyrgyzstan"," 2015","19.9","22.1","17.6","14.7","22.3","24.8","19.8"
"Kyrgyzstan"," 2014","20.9","23.2","18.5","15.2","23.5","26","20.8"
"Lao People's Democratic Republic"," 2019","36.4","40.4","32.1","22","45.5","50.1","40.7"
"Lao People's Democratic Republic"," 2017","38.9","43.2","34.4","23.1","49.2","54","44.2"
"Lao People's Democratic Republic"," 2016","40.4","44.8","35.7","23.7","51.3","56.2","46.1"
"Lao People's Democratic Republic"," 2015","42","46.6","37.2","24.4","53.6","58.6","48.3"
"Lao People's Democratic Republic"," 2014","43.8","48.5","38.7","25.2","56.2","61.4","50.7"
"Latvia"," 2019","3.1","3.3","2.9","1.9","3.6","3.9","3.3"
"Latvia"," 2017","3.6","3.8","3.3","2.2","4.2","4.5","3.8"
"Latvia"," 2016","3.9","4.1","3.6","2.4","4.5","4.9","4.2"
"Latvia"," 2015","4.2","4.5","3.9","2.6","5","5.4","4.6"
"Latvia"," 2014","4.6","5","4.3","2.9","5.5","5.9","5"
"Lebanon"," 2019","6.2","6.4","5.9","4.2","7.2","7.5","6.8"
"Lebanon"," 2017","6.6","6.8","6.3","4.5","7.7","8.1","7.3"
"Lebanon"," 2016","6.8","7.1","6.5","4.6","8","8.4","7.6"
"Lebanon"," 2015","7.1","7.4","6.8","4.8","8.3","8.7","7.9"
"Lebanon"," 2014","7.4","7.7","7.1","5","8.7","9","8.2"
"Lesotho"," 2019","68.1","74.6","61.1","42.8","86.4","93.5","78.9"
"Lesotho"," 2017","71.7","78.6","64.5","43.6","88.7","96.2","80.9"
"Lesotho"," 2016","72.3","79.2","65","43.7","90.6","98","82.7"
"Lesotho"," 2015","71.9","78.8","64.7","43.4","94.1","101.5","86.3"
"Lesotho"," 2014","71.6","78.5","64.3","42.9","94.2","101.6","86.4"
"Liberia"," 2019","62.2","67.8","56.3","32.4","84.6","90.7","78.2"
"Liberia"," 2017","64.3","70","58.2","33","87.9","94","81.4"
"Liberia"," 2016","65.2","70.9","59","33.1","89.3","95.4","82.7"
"Liberia"," 2015","66.1","71.9","59.9","33","91","97.3","84.2"
"Liberia"," 2014","67.4","73.3","61.2","33","94.3","100.7","87.6"
"Libya"," 2019","9.9","10.9","8.8","6.5","11.5","12.7","10.4"
"Libya"," 2017","10.6","11.7","9.4","6.9","12.4","13.6","11"
"Libya"," 2016","11","12.2","9.7","7.2","12.8","14.1","11.5"
"Libya"," 2015","11.4","12.6","10.1","7.5","13.3","14.7","11.9"
"Libya"," 2014","11.8","13.1","10.5","7.8","13.8","15.2","12.4"
"Lithuania"," 2019","3","3.2","2.7","2","3.7","4","3.3"
"Lithuania"," 2017","3.6","3.9","3.3","2.2","4.4","4.8","4"
"Lithuania"," 2016","3.9","4.2","3.5","2.3","4.7","5.1","4.3"
"Lithuania"," 2015","4","4.3","3.7","2.3","4.9","5.4","4.5"
"Lithuania"," 2014","4","4.4","3.7","2.4","5","5.4","4.5"
"Luxembourg"," 2019","2.2","2.4","2","1.5","2.8","3","2.5"
"Luxembourg"," 2017","2.3","2.5","2.1","1.5","2.8","3.1","2.6"
"Luxembourg"," 2016","2.4","2.6","2.1","1.5","2.9","3.1","2.6"
"Luxembourg"," 2015","2.4","2.6","2.1","1.5","2.9","3.2","2.6"
"Luxembourg"," 2014","2.4","2.6","2.1","1.5","2.9","3.2","2.6"
"Madagascar"," 2019","36.5","40.2","32.6","20.1","50.6","55","46"
"Madagascar"," 2017","38.5","42.4","34.4","21","54.1","58.8","49.3"
"Madagascar"," 2016","39.6","43.5","35.4","21.4","56","60.7","51.1"
"Madagascar"," 2015","40.7","44.7","36.4","21.8","57.9","62.6","52.9"
"Madagascar"," 2014","41.7","45.9","37.4","22.2","59.8","64.6","54.7"
"Malawi"," 2019","30.9","34.3","27.3","19.8","41.6","46","37.2"
"Malawi"," 2017","33.5","37.1","29.7","21.1","46.9","51.4","42"
"Malawi"," 2016","35.3","39.1","31.2","21.9","50","54.9","44.9"
"Malawi"," 2015","37.3","41.3","33.1","22.8","53.8","58.8","48.4"
"Malawi"," 2014","39.7","43.8","35.3","23.9","58","63.2","52.5"
"Malaysia"," 2019","7.3","7.9","6.7","4.6","8.6","9.2","7.9"
"Malaysia"," 2017","7.1","7.7","6.5","4.4","8.3","8.9","7.6"
"Malaysia"," 2016","7","7.5","6.4","4.3","8.2","8.8","7.5"
"Malaysia"," 2015","6.9","7.5","6.3","4.2","8.1","8.7","7.4"
"Malaysia"," 2014","6.8","7.4","6.2","4.1","8","8.7","7.3"
"Maldives"," 2019","6.5","7.1","5.9","4.9","7.6","8.3","6.9"
"Maldives"," 2017","7.6","8.3","6.8","5.6","8.8","9.7","7.9"
"Maldives"," 2016","8.1","8.9","7.3","5.8","9.5","10.4","8.5"
"Maldives"," 2015","8.7","9.6","7.8","5.9","10.1","11.1","9.1"
"Maldives"," 2014","9.3","10.2","8.3","6","10.8","11.9","9.7"
"Mali"," 2019","60.2","65.5","54.6","32.1","94","99.4","88.4"
"Mali"," 2017","63.5","69","57.7","33.5","101.1","106.6","95.2"
"Mali"," 2016","65.2","70.8","59.2","34.1","104.8","110.3","98.7"
"Mali"," 2015","67","72.6","60.8","34.8","108.6","114.2","102.5"
"Mali"," 2014","68.7","74.5","62.6","35.5","112.5","118.3","106.4"
"Malta"," 2019","6.1","6.6","5.5","4.7","7","7.6","6.4"
"Malta"," 2017","6.2","6.7","5.6","4.8","7.1","7.7","6.5"
"Malta"," 2016","6.1","6.7","5.6","4.7","7.1","7.7","6.4"
"Malta"," 2015","6.1","6.6","5.6","4.7","7","7.6","6.4"
"Malta"," 2014","6.1","6.6","5.5","4.7","7","7.5","6.3"
"Marshall Islands"," 2019","26.4","29.5","23.2","15.3","31.8","35.3","28.2"
"Marshall Islands"," 2017","27.9","31.1","24.5","15.9","33.8","37.4","30"
"Marshall Islands"," 2016","28.6","31.9","25.1","16.3","34.7","38.5","30.8"
"Marshall Islands"," 2015","29.3","32.7","25.7","16.6","35.7","39.5","31.7"
"Marshall Islands"," 2014","30","33.4","26.3","16.9","36.6","40.4","32.5"
"Mauritania"," 2019","50.1","55.4","44.7","32","72.9","78.7","66.8"
"Mauritania"," 2017","52.6","58","46.9","33.5","77.8","83.7","71.5"
"Mauritania"," 2016","53.8","59.2","48","34.2","80.3","86.1","73.9"
"Mauritania"," 2015","55","60.6","49.2","34.8","82.7","88.8","76.3"
"Mauritania"," 2014","56.4","62.2","50.3","35.5","85.5","91.8","79"
"Mauritius"," 2019","14.3","15.7","12.8","10.2","16","17.5","14.4"
"Mauritius"," 2017","13.2","14.5","11.8","9.3","14.9","16.2","13.4"
"Mauritius"," 2016","12.8","14.1","11.5","9.1","14.5","15.9","13.1"
"Mauritius"," 2015","12.7","14","11.4","9.1","14.5","15.9","13.1"
"Mauritius"," 2014","12.9","14.2","11.5","9.3","14.8","16.2","13.3"
"Mexico"," 2019","12.2","13.4","10.9","8.6","14.2","15.5","12.8"
"Mexico"," 2017","13","14.3","11.7","8.5","15.2","16.6","13.7"
"Mexico"," 2016","13.5","14.8","12.1","8.4","15.7","17.1","14.1"
"Mexico"," 2015","13.9","15.3","12.5","8.3","16.2","17.7","14.6"
"Mexico"," 2014","14.4","15.9","12.8","8.3","16.7","18.4","15"
"Micronesia (Federated States of)"," 2019","24.5","27.2","21.8","15.9","29.4","32.4","26.3"
"Micronesia (Federated States of)"," 2017","26.2","28.9","23.3","16.5","31.5","34.7","28.1"
"Micronesia (Federated States of)"," 2016","26.9","29.7","24","17","32.5","35.8","29.1"
"Micronesia (Federated States of)"," 2015","27.8","30.6","24.7","17.3","33.7","37","30.1"
"Micronesia (Federated States of)"," 2014","28.6","31.5","25.5","17.6","34.8","38.1","31.2"
"Monaco"," 2019","2.5","2.8","2.3","1.7","3.1","3.4","2.8"
"Monaco"," 2017","2.7","3","2.4","1.8","3.3","3.7","3"
"Monaco"," 2016","2.8","3.1","2.5","1.9","3.4","3.8","3"
"Monaco"," 2015","2.9","3.2","2.6","1.9","3.5","3.9","3.1"
"Monaco"," 2014","3","3.3","2.6","2","3.6","4","3.2"
"Mongolia"," 2019","13.4","15.2","11.6","8.1","15.6","17.6","13.6"
"Mongolia"," 2017","15.1","17.1","13","9","17.5","19.8","15.2"
"Mongolia"," 2016","16.1","18.2","13.8","9.3","18.8","21.2","16.3"
"Mongolia"," 2015","17.3","19.6","14.8","9.6","20.2","22.8","17.5"
"Mongolia"," 2014","18.6","21.2","16","9.8","21.9","24.7","18.9"
"Montenegro"," 2019","2","2.1","1.9","1.3","2.3","2.5","2.2"
"Montenegro"," 2017","2.5","2.6","2.3","1.6","2.8","3","2.6"
"Montenegro"," 2016","2.8","2.9","2.6","1.8","3.1","3.3","3"
"Montenegro"," 2015","3.1","3.3","3","2.1","3.6","3.8","3.3"
"Montenegro"," 2014","3.6","3.7","3.4","2.4","4","4.3","3.8"
"Morocco"," 2019","18.3","20.2","16.4","13.6","21.4","23.5","19.2"
"Morocco"," 2017","19.9","21.9","17.7","14.7","23.1","25.4","20.8"
"Morocco"," 2016","20.7","22.9","18.5","15.4","24.2","26.5","21.7"
"Morocco"," 2015","21.7","23.9","19.4","16.1","25.3","27.7","22.7"
"Morocco"," 2014","22.7","25","20.3","16.9","26.5","29","23.8"
"Mozambique"," 2019","54.8","58.8","50.6","28.5","74.2","78.8","69.5"
"Mozambique"," 2017","57.9","62.1","53.7","29.8","79.4","84","74.5"
"Mozambique"," 2016","59.8","63.9","55.5","30.3","81.8","86.5","76.9"
"Mozambique"," 2015","61.5","65.7","57.2","30.9","85.4","90.2","80.5"
"Mozambique"," 2014","63.2","67.4","58.7","31.4","89.3","94","84.3"
"Myanmar"," 2019","35.8","39.5","31.8","22.4","44.7","48.8","40.2"
"Myanmar"," 2017","38.2","42.2","34","23.6","48.1","52.6","43.4"
"Myanmar"," 2016","39.4","43.5","35","24.1","49.9","54.4","45.1"
"Myanmar"," 2015","40.7","44.9","36.3","24.8","51.8","56.3","46.9"
"Myanmar"," 2014","42","46.4","37.5","25.4","53.7","58.4","48.8"
"Namibia"," 2019","30.7","33.8","27.6","19.1","42.4","46.1","38.5"
"Namibia"," 2017","31.8","34.9","28.5","19.8","44.5","48.4","40.5"
"Namibia"," 2016","32.6","35.7","29.1","20.1","46.3","50.2","42.1"
"Namibia"," 2015","33.3","36.6","29.9","20.2","47.8","51.9","43.6"
"Namibia"," 2014","34.3","37.6","30.8","20.4","48.1","52.2","43.8"
"Nauru"," 2019","25.7","28.4","22.9","19.9","30.9","34","27.6"
"Nauru"," 2017","27.2","30","24.3","21","32.9","36.2","29.5"
"Nauru"," 2016","28","30.8","25","21.5","33.9","37.2","30.4"
"Nauru"," 2015","28.7","31.7","25.6","22","34.9","38.3","31.3"
"Nauru"," 2014","29.4","32.4","26.3","22.5","35.8","39.3","32.3"
"Nepal"," 2019","25.6","27.8","23.3","19.8","30.8","32.9","28.5"
"Nepal"," 2017","27.4","29.7","25","21","33.2","35.4","30.9"
"Nepal"," 2016","28.5","30.9","26","21.7","34.6","36.9","32.2"
"Nepal"," 2015","29.7","32.1","27.1","22.4","36.2","38.5","33.8"
"Nepal"," 2014","30.9","33.4","28.3","23.3","37.9","40.2","35.5"
"Netherlands"," 2019","3.5","3.8","3.1","2.6","4","4.4","3.6"
"Netherlands"," 2017","3.4","3.7","3.1","2.6","4","4.4","3.6"
"Netherlands"," 2016","3.4","3.7","3.1","2.6","4","4.4","3.6"
"Netherlands"," 2015","3.4","3.8","3.1","2.6","4","4.4","3.6"
"Netherlands"," 2014","3.5","3.8","3.1","2.6","4.1","4.5","3.7"
"New Zealand"," 2019","3.9","4.3","3.6","2.6","4.7","5.2","4.3"
"New Zealand"," 2017","4.2","4.6","3.8","2.9","5.1","5.5","4.6"
"New Zealand"," 2016","4.4","4.8","4","3","5.3","5.7","4.8"
"New Zealand"," 2015","4.5","4.9","4.1","3.1","5.5","5.9","4.9"
"New Zealand"," 2014","4.7","5.1","4.2","3.2","5.6","6.1","5.1"
"Nicaragua"," 2019","14.3","16","12.5","10.2","16.6","18.5","14.7"
"Nicaragua"," 2017","15.4","17.3","13.5","11","18","20","15.8"
"Nicaragua"," 2016","16","17.9","13.9","11.5","18.7","20.9","16.4"
"Nicaragua"," 2015","16.6","18.7","14.5","11.9","19.4","21.7","17"
"Nicaragua"," 2014","17.3","19.4","15.1","12.4","20.3","22.6","17.7"
"Niger"," 2019","46.7","50.7","42.4","24.3","80.4","84","76.5"
"Niger"," 2017","49.1","53.4","44.7","25.3","86.6","90.4","82.7"
"Niger"," 2016","50.5","54.9","45.9","25.9","90.2","94.1","86.2"
"Niger"," 2015","51.9","56.4","47.2","26.5","94","98","90.1"
"Niger"," 2014","53.5","58.1","48.7","27.1","98.5","102.4","94.3"
"Nigeria"," 2019","74.2","80.6","67.3","35.9","117.2","123.6","110.4"
"Nigeria"," 2017","77.3","84","70.3","36.7","122.8","129.3","116"
"Nigeria"," 2016","78.5","85.4","71.4","36.9","125","131.7","118"
"Nigeria"," 2015","79.5","86.5","72.3","37.1","126.8","133.6","119.7"
"Nigeria"," 2014","80.4","87.4","73","37.3","128.5","135.3","121"
"Niue"," 2019","19.7","21.8","17.5","12.5","23.2","25.7","20.7"
"Niue"," 2017","21","23.1","18.6","13.4","24.9","27.3","22.1"
"Niue"," 2016","21.6","23.8","19.2","13.8","25.6","28.3","22.8"
"Niue"," 2015","22.2","24.5","19.7","14.2","26.4","29.1","23.5"
"Niue"," 2014","22.8","25.1","20.3","14.7","27.1","29.8","24.2"
"Norway"," 2019","2","2.2","1.8","1.4","2.4","2.7","2.2"
"Norway"," 2017","2.1","2.3","1.9","1.5","2.6","2.8","2.3"
"Norway"," 2016","2.1","2.4","1.9","1.5","2.6","2.9","2.4"
"Norway"," 2015","2.2","2.4","2","1.6","2.7","3","2.4"
"Norway"," 2014","2.3","2.5","2","1.6","2.8","3.1","2.5"
"Oman"," 2019","9.8","10.8","8.8","5.3","11.4","12.5","10.3"
"Oman"," 2017","9.7","10.7","8.7","5.2","11.3","12.4","10.2"
"Oman"," 2016","9.7","10.7","8.7","5.2","11.3","12.3","10.1"
"Oman"," 2015","9.6","10.6","8.6","5.2","11.2","12.3","10.1"
"Oman"," 2014","9.6","10.6","8.6","5.2","11.2","12.3","10.1"
"Pakistan"," 2019","55.7","60.6","50.5","41.2","67.2","71.6","62.7"
"Pakistan"," 2017","58.8","64","53.5","43.2","71.6","76","67"
"Pakistan"," 2016","60.5","65.8","54.9","44.2","73.8","78.3","69.1"
"Pakistan"," 2015","62.1","67.5","56.5","45.2","76.1","80.6","71.3"
"Pakistan"," 2014","63.8","69.2","58","46.2","78.3","82.9","73.5"
"Palau"," 2019","15.8","17.6","14","9.4","17.3","19.3","15.4"
"Palau"," 2017","16.8","18.6","14.9","10","18.5","20.5","16.4"
"Palau"," 2016","17.4","19.2","15.4","10.3","19.1","21.2","17"
"Palau"," 2015","17.9","19.8","15.8","10.7","19.7","21.9","17.5"
"Palau"," 2014","18.4","20.4","16.3","11","20.4","22.5","18"
"Panama"," 2019","12.8","14.1","11.4","8.6","14.9","16.4","13.2"
"Panama"," 2017","13.7","15.1","12.1","9.1","15.9","17.5","14.1"
"Panama"," 2016","14.1","15.6","12.5","9.5","16.4","18.1","14.6"
"Panama"," 2015","14.6","16.1","12.9","9.8","16.9","18.7","15.1"
"Panama"," 2014","15","16.6","13.3","10.1","17.5","19.3","15.6"
"Papua New Guinea"," 2019","35.9","39","32.6","21.9","44.8","48.5","41"
"Papua New Guinea"," 2017","37.8","41.1","34.4","22.8","47.6","51.4","43.6"
"Papua New Guinea"," 2016","38.8","42.1","35.4","23.3","49","52.8","45.1"
"Papua New Guinea"," 2015","39.9","43.2","36.3","23.7","50.5","54.4","46.3"
"Papua New Guinea"," 2014","40.8","44.2","37.2","24.2","51.8","55.8","47.7"
"Paraguay"," 2019","16.6","18.3","14.9","10.9","19.4","21.4","17.4"
"Paraguay"," 2017","17.8","19.5","15.9","11.6","20.8","22.8","18.6"
"Paraguay"," 2016","18.3","20.2","16.4","12","21.5","23.6","19.2"
"Paraguay"," 2015","18.9","20.8","16.9","12.4","22.2","24.4","19.9"
"Paraguay"," 2014","19.5","21.4","17.4","12.8","22.9","25.2","20.5"
"Peru"," 2019","10.3","11.2","9.2","6.4","13.2","14.4","11.9"
"Peru"," 2017","11.1","12.2","10","6.9","14.3","15.7","12.9"
"Peru"," 2016","11.6","12.8","10.4","7.2","15","16.4","13.5"
"Peru"," 2015","12.2","13.4","10.9","7.6","15.7","17.1","14.1"
"Peru"," 2014","12.7","14","11.4","7.9","16.4","18","14.8"
"Philippines"," 2019","21.6","24.1","19.1","13.3","27.3","30.1","24.3"
"Philippines"," 2017","22.7","25.2","20.1","14","28.7","31.7","25.6"
"Philippines"," 2016","23.1","25.7","20.4","14.3","29.3","32.3","26.1"
"Philippines"," 2015","23.5","26.1","20.8","14.4","29.8","32.9","26.6"
"Philippines"," 2014","23.7","26.3","21","14.6","30.2","33.2","27"
"Poland"," 2019","3.8","4.1","3.4","2.7","4.4","4.8","4"
"Poland"," 2017","3.9","4.3","3.6","2.8","4.6","5","4.2"
"Poland"," 2016","4","4.4","3.7","2.8","4.7","5.1","4.3"
"Poland"," 2015","4.2","4.5","3.8","2.9","4.8","5.3","4.4"
"Poland"," 2014","4.3","4.7","3.9","3","5","5.5","4.6"
"Portugal"," 2019","3.1","3.3","2.8","2","3.7","4","3.3"
"Portugal"," 2017","3","3.3","2.7","2","3.6","4","3.3"
"Portugal"," 2016","3","3.3","2.7","2.1","3.6","4","3.3"
"Portugal"," 2015","3","3.2","2.7","2.1","3.6","4","3.3"
"Portugal"," 2014","3","3.2","2.7","2.1","3.6","4","3.3"
"Qatar"," 2019","5.6","6","5.1","3.4","6.5","7","6"
"Qatar"," 2017","6.1","6.6","5.6","3.7","7.1","7.7","6.6"
"Qatar"," 2016","6.4","6.9","5.9","3.8","7.5","8","6.9"
"Qatar"," 2015","6.7","7.2","6.2","4","7.8","8.4","7.2"
"Qatar"," 2014","7","7.5","6.4","4.1","8.1","8.8","7.5"
"Republic of Korea"," 2019","2.7","2.9","2.5","1.5","3.2","3.5","2.9"
"Republic of Korea"," 2017","2.8","3.1","2.6","1.6","3.3","3.6","3"
"Republic of Korea"," 2016","2.9","3.2","2.7","1.6","3.4","3.7","3.1"
"Republic of Korea"," 2015","3","3.2","2.8","1.6","3.5","3.8","3.2"
"Republic of Korea"," 2014","3.1","3.3","2.8","1.7","3.6","3.9","3.3"
"Republic of Moldova"," 2019","12.4","13.7","10.9","10.7","14.4","15.9","12.7"
"Republic of Moldova"," 2017","12.9","14.3","11.4","11.1","15","16.6","13.3"
"Republic of Moldova"," 2016","13.1","14.6","11.6","11.4","15.3","16.9","13.5"
"Republic of Moldova"," 2015","13.4","14.9","11.8","11.6","15.6","17.3","13.8"
"Republic of Moldova"," 2014","13.7","15.2","12.1","11.8","15.9","17.7","14.1"
"North Macedonia"," 2019","5.3","5.7","5","3.9","6.1","6.5","5.7"
"North Macedonia"," 2017","8.7","9.3","8","7.1","9.9","10.7","9.1"
"North Macedonia"," 2016","10.5","11.3","9.7","8.8","12","12.9","11"
"North Macedonia"," 2015","11.4","12.2","10.5","9.6","13","14","11.9"
"North Macedonia"," 2014","11","11.8","10.1","9.1","12.5","13.5","11.5"
"Romania"," 2019","5.7","6.3","5.1","3.4","7","7.6","6.3"
"Romania"," 2017","6.7","7.4","5.9","3.7","8.1","8.9","7.2"
"Romania"," 2016","7.1","7.9","6.3","4","8.6","9.4","7.6"
"Romania"," 2015","7.6","8.5","6.8","4.3","9.1","10.1","8.1"
"Romania"," 2014","8.3","9.2","7.3","4.6","9.8","10.9","8.8"
"Russian Federation"," 2019","4.9","5.4","4.4","2.6","5.8","6.3","5.2"
"Russian Federation"," 2017","5.9","6.5","5.3","3.2","6.9","7.6","6.2"
"Russian Federation"," 2016","6.5","7.1","5.8","3.5","7.5","8.3","6.7"
"Russian Federation"," 2015","7","7.8","6.3","3.9","8.2","9.1","7.3"
"Russian Federation"," 2014","7.6","8.4","6.8","4.4","8.9","9.9","7.9"
"Rwanda"," 2019","26.3","28.9","23.6","15.9","34.3","37.5","31.1"
"Rwanda"," 2017","28.4","31.1","25.5","16.7","37.5","40.8","34"
"Rwanda"," 2016","29.6","32.4","26.6","17.2","39.2","42.6","35.7"
"Rwanda"," 2015","30.9","33.8","27.9","17.9","41.5","45","37.8"
"Rwanda"," 2014","32.5","35.5","29.3","18.6","44.3","47.9","40.5"
"Saint Kitts and Nevis"," 2019","12.9","14.1","11.5","10.3","15.4","16.8","13.8"
"Saint Kitts and Nevis"," 2017","13.5","14.9","12.1","10.9","16.2","17.8","14.5"
"Saint Kitts and Nevis"," 2016","13.9","15.3","12.4","11.1","16.6","18.2","14.8"
"Saint Kitts and Nevis"," 2015","14.1","15.5","12.6","11.3","16.9","18.5","15.2"
"Saint Kitts and Nevis"," 2014","14.3","15.8","12.8","11.4","17.1","18.8","15.4"
"Saint Lucia"," 2019","20","21.8","18.2","12.7","22.3","24.3","20.3"
"Saint Lucia"," 2017","19.3","21.1","17.5","12.5","21.7","23.6","19.6"
"Saint Lucia"," 2016","19","20.7","17.2","12.5","21.3","23.2","19.3"
"Saint Lucia"," 2015","18.6","20.3","16.9","12.6","21","22.8","19"
"Saint Lucia"," 2014","18.2","19.9","16.5","12.7","20.6","22.4","18.7"
"Saint Vincent and the Grenadines"," 2019","13.4","14.5","12.2","9.1","14.6","15.8","13.3"
"Saint Vincent and the Grenadines"," 2017","14.3","15.5","13","9.8","15.6","17","14.3"
"Saint Vincent and the Grenadines"," 2016","14.7","16","13.4","10.1","16.2","17.6","14.8"
"Saint Vincent and the Grenadines"," 2015","15.2","16.5","13.9","10.6","16.8","18.2","15.3"
"Saint Vincent and the Grenadines"," 2014","15.7","17","14.3","11","17.4","18.8","15.8"
"Samoa"," 2019","12.9","14.1","11.6","8.2","15","16.4","13.5"
"Samoa"," 2017","13.7","15","12.3","8.8","16","17.4","14.4"
"Samoa"," 2016","14.1","15.5","12.7","9","16.4","18","14.8"
"Samoa"," 2015","14.5","15.9","13","9.3","16.9","18.5","15.2"
"Samoa"," 2014","14.9","16.3","13.4","9.5","17.3","18.9","15.6"
"San Marino"," 2019","1.5","1.6","1.4","0.8","1.7","1.8","1.5"
"San Marino"," 2017","1.6","1.7","1.5","0.8","1.8","2","1.6"
"San Marino"," 2016","1.7","1.8","1.5","0.9","1.9","2.1","1.7"
"San Marino"," 2015","1.8","1.9","1.6","0.9","2","2.2","1.8"
"San Marino"," 2014","1.9","2","1.7","1","2.1","2.3","1.9"
"Sao Tome and Principe"," 2019","23.5","26.1","20.7","14.1","29.8","32.9","26.5"
"Sao Tome and Principe"," 2017","25","27.8","22","14.8","32","35.3","28.6"
"Sao Tome and Principe"," 2016","25.8","28.7","22.8","15.2","33.3","36.6","29.9"
"Sao Tome and Principe"," 2015","26.8","29.7","23.6","15.7","34.7","38.1","31.1"
"Sao Tome and Principe"," 2014","27.8","30.9","24.6","16.1","36.3","39.8","32.6"
"Saudi Arabia"," 2019","5.7","6","5.4","3.7","6.6","7","6.3"
"Saudi Arabia"," 2017","6.3","6.6","6","4.1","7.4","7.7","7"
"Saudi Arabia"," 2016","6.7","7.1","6.3","4.4","7.9","8.3","7.4"
"Saudi Arabia"," 2015","7.2","7.6","6.8","4.7","8.4","8.9","8"
"Saudi Arabia"," 2014","7.8","8.2","7.3","5","9.1","9.5","8.6"
"Senegal"," 2019","32.7","36.2","29","22","45.3","49.3","41.1"
"Senegal"," 2017","34.4","38.2","30.5","23","48.8","52.9","44.4"
"Senegal"," 2016","35.4","39.2","31.4","23.5","50.6","54.8","46.2"
"Senegal"," 2015","36.4","40.3","32.3","24","52.8","57.1","48.2"
"Senegal"," 2014","37.5","41.4","33.2","24.4","55","59.3","50.4"
"Serbia"," 2019","4.6","5.1","4.1","3.2","5.3","5.8","4.8"
"Serbia"," 2017","5","5.5","4.5","3.5","5.8","6.3","5.2"
"Serbia"," 2016","5.2","5.8","4.7","3.7","6","6.6","5.4"
"Serbia"," 2015","5.5","6","4.9","4","6.3","6.9","5.6"
"Serbia"," 2014","5.7","6.3","5.1","4.2","6.6","7.2","5.9"
"Seychelles"," 2019","12.3","13.3","11.2","8.6","14.2","15.4","13"
"Seychelles"," 2017","12.7","13.7","11.6","8.9","14.7","15.9","13.4"
"Seychelles"," 2016","12.7","13.8","11.6","9","14.8","16","13.5"
"Seychelles"," 2015","12.7","13.7","11.6","9","14.8","16","13.5"
"Seychelles"," 2014","12.6","13.6","11.5","8.9","14.6","15.8","13.4"
"Sierra Leone"," 2019","80.9","86.3","75.2","31.2","109.2","115.2","102.9"
"Sierra Leone"," 2017","85.9","91.5","80","32.5","118.2","124.4","111.8"
"Sierra Leone"," 2016","88.6","94.2","82.6","33.3","123.2","129.3","116.7"
"Sierra Leone"," 2015","94.2","99.8","88","34.3","138.3","144.6","131.7"
"Sierra Leone"," 2014","94.9","100.7","88.6","35","137.7","144","130.9"
"Singapore"," 2019","2.1","2.2","1.9","0.9","2.5","2.7","2.3"
"Singapore"," 2017","2.1","2.3","2","1","2.7","2.9","2.5"
"Singapore"," 2016","2.2","2.3","2","1","2.7","2.9","2.5"
"Singapore"," 2015","2.2","2.3","2","1","2.7","2.9","2.5"
"Singapore"," 2014","2.2","2.4","2","1","2.7","2.9","2.5"
"Slovakia"," 2019","4.7","5.1","4.2","2.9","5.8","6.3","5.2"
"Slovakia"," 2017","4.9","5.4","4.4","3","6","6.5","5.4"
"Slovakia"," 2016","5","5.5","4.5","3","6.1","6.7","5.5"
"Slovakia"," 2015","5.1","5.6","4.6","3.1","6.2","6.8","5.6"
"Slovakia"," 2014","5.2","5.7","4.7","3.1","6.4","6.9","5.7"
"Slovenia"," 2019","1.7","1.8","1.5","1.2","2.1","2.2","1.9"
"Slovenia"," 2017","1.8","2","1.7","1.3","2.3","2.5","2.1"
"Slovenia"," 2016","1.9","2.1","1.8","1.3","2.4","2.6","2.2"
"Slovenia"," 2015","2","2.2","1.9","1.4","2.5","2.7","2.3"
"Slovenia"," 2014","2.1","2.3","1.9","1.4","2.6","2.8","2.4"
"Solomon Islands"," 2019","16.8","18.4","15.2","8.2","19.7","21.4","17.8"
"Solomon Islands"," 2017","17.9","19.5","16.1","8.8","21","22.8","18.9"
"Solomon Islands"," 2016","18.4","20.1","16.6","9.1","21.6","23.6","19.5"
"Solomon Islands"," 2015","19","20.7","17.1","9.4","22.3","24.3","20.1"
"Solomon Islands"," 2014","19.6","21.3","17.7","9.7","23","25.1","20.8"
"Somalia"," 2019","74","79.4","67.9","36.9","117","122.6","110.6"
"Somalia"," 2017","78.2","84","72.2","38.2","124.4","130.8","117.9"
"Somalia"," 2016","80.4","86.3","74.2","39","128.4","134.6","121.9"
"Somalia"," 2015","82.8","88.7","76.4","39.6","132.7","138.9","126.2"
"Somalia"," 2014","85.3","91.3","78.9","40.2","137.3","143.7","130.6"
"South Africa"," 2019","27.5","29.8","25.1","11.5","34.5","37.3","31.4"
"South Africa"," 2017","28.2","30.6","25.7","11.4","35.6","38.5","32.5"
"South Africa"," 2016","28.2","30.6","25.8","11.2","36.2","39.1","33.1"
"South Africa"," 2015","28.5","30.9","26","11","37.1","40","34"
"South Africa"," 2014","29","31.3","26.5","10.9","38.1","41.1","34.9"
"South Sudan"," 2019","62.4","67.2","57.2","38.6","96.2","100.8","91.5"
"South Sudan"," 2017","62.4","67.1","56.9","38.6","96.2","100.6","91.3"
"South Sudan"," 2016","62.4","67.1","56.9","38.7","96.2","100.4","91.2"
"South Sudan"," 2015","62.4","67.1","57","38.9","96.2","100.4","91.2"
"South Sudan"," 2014","62.4","67.1","57","39","96.3","100.5","91.3"
"Spain"," 2019","2.6","2.8","2.4","1.8","3.1","3.4","2.8"
"Spain"," 2017","2.7","2.9","2.4","1.9","3.2","3.5","2.9"
"Spain"," 2016","2.7","2.9","2.5","1.9","3.2","3.5","3"
"Spain"," 2015","2.7","3","2.5","1.9","3.3","3.6","3"
"Spain"," 2014","2.8","3","2.6","2","3.4","3.6","3.1"
"Sri Lanka"," 2019","6.1","6.6","5.5","4.3","7.1","7.7","6.5"
"Sri Lanka"," 2017","6.7","7.3","6","4.7","7.8","8.5","7.1"
"Sri Lanka"," 2016","7","7.7","6.3","5","8.2","9","7.4"
"Sri Lanka"," 2015","7.5","8.2","6.7","5.2","8.7","9.6","7.9"
"Sri Lanka"," 2014","8","8.8","7.2","5.6","9.3","10.2","8.4"
"Sudan"," 2019","41","45.4","36.3","27.2","58.4","63.3","53.2"
"Sudan"," 2017","43.1","47.8","38.2","28.3","62.2","67.2","56.9"
"Sudan"," 2016","44.2","48.9","39.1","28.9","64.1","69.2","58.6"
"Sudan"," 2015","45.2","50.1","40","29.4","65.9","71.1","60.4"
"Sudan"," 2014","46.2","51.3","41","30","67.7","73.1","62.1"
"Suriname"," 2019","16.1","17.9","14.1","11.2","18","20.1","15.8"
"Suriname"," 2017","17","19.1","14.9","12","19.1","21.3","16.8"
"Suriname"," 2016","17.6","19.7","15.3","12.3","19.6","22","17.2"
"Suriname"," 2015","18","20.2","15.8","12.7","20.2","22.6","17.7"
"Suriname"," 2014","18.5","20.7","16.2","13.1","20.8","23.2","18.2"
"Sweden"," 2019","2.1","2.3","1.9","1.4","2.6","2.8","2.3"
"Sweden"," 2017","2.2","2.4","2","1.5","2.7","3","2.5"
"Sweden"," 2016","2.3","2.5","2.1","1.6","2.8","3.1","2.6"
"Sweden"," 2015","2.3","2.5","2.1","1.6","2.9","3.1","2.6"
"Sweden"," 2014","2.4","2.6","2.2","1.6","2.9","3.2","2.6"
"Switzerland"," 2019","3.6","3.9","3.3","2.8","4","4.4","3.7"
"Switzerland"," 2017","3.7","4","3.4","2.9","4.2","4.5","3.8"
"Switzerland"," 2016","3.7","4.1","3.4","2.9","4.2","4.6","3.9"
"Switzerland"," 2015","3.8","4.1","3.5","3","4.3","4.7","3.9"
"Switzerland"," 2014","3.8","4.1","3.5","3","4.4","4.7","4"
"Syrian Arab Republic"," 2019","17.9","19.6","16.1","10.8","21.5","23.4","19.5"
"Syrian Arab Republic"," 2017","18.1","19.8","16.3","10.7","23","24.9","21"
"Syrian Arab Republic"," 2016","18","19.6","16.2","10.6","23.3","25.1","21.3"
"Syrian Arab Republic"," 2015","17.8","19.4","16","10.5","23.2","25","21.2"
"Syrian Arab Republic"," 2014","17.7","19.3","16","10.4","23.9","25.7","22"
"Tajikistan"," 2019","29.6","33.2","25.8","15","33.8","37.8","29.6"
"Tajikistan"," 2017","31.3","35","27.3","15.6","35.8","40","31.4"
"Tajikistan"," 2016","32.1","36","28","15.8","36.8","41.1","32.3"
"Tajikistan"," 2015","32.9","36.8","28.7","16.2","37.7","42.1","33.2"
"Tajikistan"," 2014","33.6","37.6","29.4","16.8","38.7","43.1","34"
"Thailand"," 2019","7.7","8.5","6.9","5.3","9","9.9","8.1"
"Thailand"," 2017","8.4","9.3","7.5","5.8","9.9","10.8","8.8"
"Thailand"," 2016","8.9","9.8","7.9","6.1","10.3","11.4","9.2"
"Thailand"," 2015","9.3","10.2","8.2","6.3","10.8","11.9","9.6"
"Thailand"," 2014","9.7","10.8","8.6","6.6","11.3","12.5","10.1"
"Timor-Leste"," 2019","38.1","41.4","34.5","19.6","44.2","48.1","40.1"
"Timor-Leste"," 2017","40.5","43.9","36.8","20.5","47.3","51.2","43.1"
"Timor-Leste"," 2016","41.9","45.3","38.1","21","49","52.9","44.8"
"Timor-Leste"," 2015","43.2","46.9","39.4","21.4","50.8","54.8","46.5"
"Timor-Leste"," 2014","44.7","48.4","40.8","22","52.6","56.8","48.2"
"Togo"," 2019","45.8","50.3","41","24.8","66.9","72.1","61.3"
"Togo"," 2017","48.2","53","43.2","25.8","71.3","76.8","65.6"
"Togo"," 2016","49.5","54.3","44.4","26.2","73.5","79.1","67.7"
"Togo"," 2015","50.8","55.7","45.7","26.7","75.8","81.5","69.9"
"Togo"," 2014","52.1","57.1","46.9","27.1","78.1","83.9","72"
"Tonga"," 2019","14.3","12.3","16.1","7.4","16.6","14.9","18.2"
"Tonga"," 2017","14.5","12.5","16.4","7.5","16.8","15.1","18.5"
"Tonga"," 2016","14.5","12.5","16.4","7.5","16.8","15.1","18.5"
"Tonga"," 2015","14.5","12.5","16.4","7.5","16.8","15","18.5"
"Tonga"," 2014","14.5","12.4","16.4","7.5","16.8","15.1","18.5"
"Trinidad and Tobago"," 2019","15.7","17.2","14","11.5","17.5","19.1","15.7"
"Trinidad and Tobago"," 2017","16.6","18.2","14.9","12.3","18.6","20.3","16.7"
"Trinidad and Tobago"," 2016","17.1","18.7","15.3","12.6","19.1","20.9","17.3"
"Trinidad and Tobago"," 2015","17.6","19.4","15.7","13.1","19.7","21.6","17.7"
"Trinidad and Tobago"," 2014","18.1","19.9","16.2","13.5","20.3","22.2","18.3"
"Tunisia"," 2019","14.5","15.8","13.1","11.9","16.9","18.3","15.4"
"Tunisia"," 2017","14.7","16","13.3","12.1","17.1","18.5","15.6"
"Tunisia"," 2016","14.7","16","13.3","12.1","17.1","18.5","15.6"
"Tunisia"," 2015","14.8","16.1","13.4","12.1","17.2","18.6","15.7"
"Tunisia"," 2014","14.9","16.2","13.5","12.1","17.3","18.8","15.8"
"Turkey"," 2019","8.6","9.2","8","5.3","10","10.7","9.4"
"Turkey"," 2017","9.8","10.4","9.2","5.8","11.4","12.1","10.7"
"Turkey"," 2016","10.5","11.1","9.8","6","12.1","12.8","11.4"
"Turkey"," 2015","11.1","11.8","10.5","6.3","13","13.7","12.2"
"Turkey"," 2014","11.9","12.6","11.2","6.7","13.8","14.6","13"
"Turkmenistan"," 2019","36.3","41.3","31.1","23.6","42","47.5","36.3"
"Turkmenistan"," 2017","36.7","41.8","31.3","23.6","42.5","48","36.6"
"Turkmenistan"," 2016","36.4","41.6","31.1","23.4","42.2","47.8","36.3"
"Turkmenistan"," 2015","36.2","41.3","30.8","23.1","41.9","47.4","36"
"Turkmenistan"," 2014","36.1","41.1","30.7","22.8","41.7","47.2","35.9"
"Tuvalu"," 2019","20.2","22.5","17.9","16","23.9","26.1","21.5"
"Tuvalu"," 2017","21.5","23.9","19","17.1","25.5","27.9","23.1"
"Tuvalu"," 2016","22.2","24.7","19.6","17.7","26.4","28.8","23.8"
"Tuvalu"," 2015","22.9","25.4","20.2","18.3","27.2","29.8","24.6"
"Tuvalu"," 2014","23.6","26.2","20.8","18.9","28.2","30.7","25.5"
"Uganda"," 2019","33.4","36.9","29.8","20","45.8","50.5","41"
"Uganda"," 2017","36","39.7","32.2","21.1","50.2","55.2","45.1"
"Uganda"," 2016","37.6","41.3","33.7","21.7","52.8","57.8","47.5"
"Uganda"," 2015","39.2","43.1","35.2","22.3","56.1","61.4","50.5"
"Uganda"," 2014","40.9","44.9","36.7","23","59.4","65","53.6"
"Ukraine"," 2019","7.2","7.9","6.4","5","8.4","9.2","7.5"
"Ukraine"," 2017","7.6","8.4","6.8","5.3","8.9","9.8","8"
"Ukraine"," 2016","7.9","8.7","7","5.5","9.2","10.1","8.2"
"Ukraine"," 2015","8.1","9","7.2","5.7","9.5","10.4","8.5"
"Ukraine"," 2014","8.4","9.3","7.5","5.9","9.8","10.8","8.8"
"United Arab Emirates"," 2019","6.4","7.1","5.7","4","7.5","8.2","6.7"
"United Arab Emirates"," 2017","6.6","7.3","5.8","4.1","7.7","8.5","6.8"
"United Arab Emirates"," 2016","6.6","7.4","5.9","4.2","7.8","8.6","6.9"
"United Arab Emirates"," 2015","6.7","7.4","5.9","4.2","7.8","8.7","7"
"United Arab Emirates"," 2014","6.8","7.5","6","4.3","7.9","8.7","7"
"United Kingdom of Great Britain and Northern Ireland"," 2019","3.7","4","3.3","2.8","4.3","4.7","3.9"
"United Kingdom of Great Britain and Northern Ireland"," 2017","3.8","4.1","3.4","2.8","4.4","4.8","4"
"United Kingdom of Great Britain and Northern Ireland"," 2016","3.8","4.1","3.4","2.7","4.4","4.8","4"
"United Kingdom of Great Britain and Northern Ireland"," 2015","3.8","4.2","3.4","2.7","4.5","4.9","4"
"United Kingdom of Great Britain and Northern Ireland"," 2014","3.9","4.3","3.5","2.7","4.5","5","4.1"
"United Republic of Tanzania"," 2019","36","39","32.9","20.3","50.3","53.9","46.6"
"United Republic of Tanzania"," 2017","38.3","41.4","35.1","21.2","53.8","57.4","49.9"
"United Republic of Tanzania"," 2016","39.8","42.9","36.5","21.6","55.8","59.5","51.8"
"United Republic of Tanzania"," 2015","41","44.2","37.6","22.1","57.9","61.7","54"
"United Republic of Tanzania"," 2014","42","45.2","38.6","22.6","59.9","63.7","55.9"
"United States of America"," 2019","5.6","6","5.1","3.7","6.5","7","5.9"
"United States of America"," 2017","5.7","6.2","5.2","3.8","6.7","7.3","6"
"United States of America"," 2016","5.8","6.3","5.2","3.8","6.7","7.3","6.1"
"United States of America"," 2015","5.8","6.3","5.3","3.9","6.8","7.4","6.2"
"United States of America"," 2014","5.9","6.4","5.3","4","6.9","7.5","6.2"
"Uruguay"," 2019","6.1","6.7","5.4","4.2","7.1","7.8","6.3"
"Uruguay"," 2017","6.8","7.6","6.1","4.6","8","8.8","7.1"
"Uruguay"," 2016","7.2","8","6.4","4.8","8.4","9.3","7.5"
"Uruguay"," 2015","7.6","8.5","6.7","5","8.8","9.8","7.8"
"Uruguay"," 2014","8","8.9","7","5.1","9.2","10.2","8.2"
"Uzbekistan"," 2019","15.6","17.7","13.3","9.9","17.4","19.7","15"
"Uzbekistan"," 2017","17.6","20","15","11.2","19.6","22.3","16.8"
"Uzbekistan"," 2016","18.8","21.4","16","12","21.1","23.9","18.1"
"Uzbekistan"," 2015","20.3","23.1","17.3","13","22.8","25.8","19.5"
"Uzbekistan"," 2014","21.8","24.9","18.7","14","24.6","27.9","21.1"
"Vanuatu"," 2019","21.9","23.6","20","11.4","25.9","27.9","23.8"
"Vanuatu"," 2017","22.9","24.7","21.1","12.1","27.3","29.5","25.1"
"Vanuatu"," 2016","23.5","25.3","21.6","12.4","28","30.2","25.8"
"Vanuatu"," 2015","24","25.8","22.1","12.7","28.7","30.9","26.4"
"Vanuatu"," 2014","24.4","26.2","22.5","12.9","29.2","31.4","26.9"
"Venezuela (Bolivarian Republic of)"," 2019","21","22.8","19.1","14.6","24.2","26.2","22.1"
"Venezuela (Bolivarian Republic of)"," 2017","21","22.9","19.1","14.6","24.2","26.2","22.1"
"Venezuela (Bolivarian Republic of)"," 2016","21","22.9","19.1","14.6","24.2","26.2","22.1"
"Venezuela (Bolivarian Republic of)"," 2015","16.4","18.2","14.5","14.5","19.1","21.1","17.1"
"Venezuela (Bolivarian Republic of)"," 2014","15.4","17.2","13.6","11.3","18","19.9","16"
"Viet Nam"," 2019","15.9","18","13.7","10.5","19.9","23.2","16.5"
"Viet Nam"," 2017","16.6","18.8","14.3","11","20.8","24.3","17.2"
"Viet Nam"," 2016","16.9","19.2","14.6","11.2","21.2","24.7","17.6"
"Viet Nam"," 2015","17.2","19.5","14.8","11.4","21.5","25.1","17.8"
"Viet Nam"," 2014","17.4","19.7","15","11.5","21.8","25.4","18"
"Yemen"," 2019","43.6","47.6","39.6","26.7","58.4","62.4","54.3"
"Yemen"," 2017","43.3","47.3","39.3","26.7","57","61.1","52.9"
"Yemen"," 2016","43.3","47.3","39.3","26.6","56.8","60.9","52.9"
"Yemen"," 2015","43.4","47.3","39.3","26.6","57.1","61.1","53"
"Yemen"," 2014","43","46.9","38.9","26.6","55.2","59.1","51.1"
"Zambia"," 2019","42.4","46.1","38.5","23.3","61.7","66.4","56.6"
"Zambia"," 2017","44.1","47.9","40.1","23.9","64.3","69.3","59.1"
"Zambia"," 2016","45.8","49.7","41.6","24.3","66.5","71.6","61.2"
"Zambia"," 2015","46.7","50.7","42.5","24.5","68.5","73.6","63.1"
"Zambia"," 2014","47.5","51.5","43.3","24.8","69.8","75","64.2"
"Zimbabwe"," 2019","38.4","42.6","34","25.9","54.6","59.3","49.6"
"Zimbabwe"," 2017","40.5","44.9","35.9","26.9","58.2","63.2","53"
"Zimbabwe"," 2016","41.4","45.8","36.7","27.3","59.5","64.6","54.2"
"Zimbabwe"," 2015","42.9","47.4","38.1","27.9","62","67.2","56.7"
"Zimbabwe"," 2014","44.2","48.9","39.3","28.5","64.4","69.6","58.9"
